BLOCK_MIN_N,PASS/FAIL,R_block_cv_pct,R_block_mad_ns,R_dense_mad_ns,R_dense_to_block_gain,block_R_max_abs_diff,block_byte_identical,block_matches_gate,block_pi_max_abs_diff,block_selected,closure_residual,composed_speedup_block,composed_speedup_dense,composition_depth_ok,composition_max_closure_residual,composition_max_depth,composition_max_state_error,compression,end_to_end_speedup_block,end_to_end_speedup_dense,end_to_end_speedup_selected,end_to_end_time,expected_fail,fiber_count,full_dimension,kernel_speedup,n,number_of_quotient_classes,observable_error,operator_family,operator_nnz,pi_block_cv_pct,pi_block_mad_ns,pi_dense_mad_ns,pi_dense_to_block_gain,pi_r_identity_error,quotient_dimension,quotient_time,reconstruction_time,reference_time,reverse_error,seed,state_L2_error,state_max_error,t_R_block_ns,t_R_dense_ns,t_full_ns,t_kernel_ns,t_pi_block_ns,t_pi_dense_ns,test_type
9,PASS,5.535184707309473,157,104,0.3862381540997116,0.0,True,True,0.0,False,0.0,0.13189948073594462,0.307433694434068,"{2: True, 3: True, 4: True, 5: True}",0.0,5,1.2412670766236366e-16,2.0,0.13124322255533585,0.3062439532633772,0.3062439532633772,1.3437e-05,False,2,4,1.0127984248092543,2,2,3.3306690738754696e-16,A_Permutation,4,6.037961256397189,208,156,0.3092504618632885,2.220446049250313e-16,2,4.063e-06,4.687e-06,4.115e-06,2.7755575615628914e-16,0,1.8410966031475738e-16,1.2412670766236366e-16,12135,4687,4115,4063,15156,4687,positive
9,PASS,2.912198891493618,157,104,0.39309156547423696,0.0,True,True,0.0,False,0.0,0.13834187061278694,0.319628298413255,"{2: True, 3: True, 4: True, 5: True}",0.0,5,1.1107649934270853e-16,2.0,0.11705782258323434,0.2800307219662058,0.2800307219662058,1.302e-05,False,2,4,1.0293619424054206,2,2,1.1102230246251565e-16,A_Permutation,4,4.976089262162746,261,156,0.3040150483232795,2.220446049250313e-16,2,3.542e-06,4.791e-06,3.646e-06,1.8619006149354548e-16,1,1.79943594467851e-16,1.1107649934270853e-16,12188,4791,3646,3542,15417,4687,positive
9,PASS,4.0157477022003745,155,52,0.38098140810728437,0.0,True,True,0.0,False,0.0,0.1169185137680869,0.27860553963705825,"{2: True, 3: True, 4: True, 5: True}",0.0,5,1.2412670766236366e-16,2.0,0.11524178255372945,0.27863215206801034,0.27863215206801034,1.0469e-05,False,2,4,0.9824856854159649,2,2,1.1102230246251565e-16,A_Permutation,4,4.546037236141049,104,52,0.3,2.220446049250313e-16,2,2.969e-06,3.75e-06,2.917e-06,1.8619006149354548e-16,2,1.962615573354719e-16,1.2412670766236366e-16,9843,3750,2917,2969,12500,3750,positive
9,PASS,3.8851408166598786,260,105,0.3939100077579519,0.0,True,True,0.0,False,0.0,0.11508133023503866,0.278844378807458,"{2: True, 3: True, 4: True, 5: True}",0.0,5,2.2887833992611187e-16,2.0,0.10642945217544478,0.25895765472312704,0.25895765472312704,1.1666e-05,False,2,4,1.017514314584035,2,2,6.661338147750939e-16,B_DiagonalPhase,4,11.43217991420245,729,364,0.3068723516949153,2.220446049250313e-16,2,2.969e-06,4.062e-06,3.021e-06,2.482534153247273e-16,0,3.2840839953582984e-16,2.2887833992611187e-16,10312,4062,3021,2969,15104,4635,positive
9,PASS,4.055333829026334,156,53,0.37894098625707356,0.0,True,True,0.0,False,0.0,0.11950571566575431,0.28788907204499176,"{2: True, 3: True, 4: True, 5: True}",0.0,5,1.5700924586837752e-16,2.0,0.11288114972245457,0.27536635132628456,0.27536635132628456,1.0782e-05,False,2,4,1.0178265341103874,2,2,2.7755575615628914e-16,B_DiagonalPhase,4,3.645254018980129,105,104,0.30506338498035435,2.220446049250313e-16,2,2.917e-06,3.75e-06,2.969e-06,3.510833468576701e-16,1,3.289943204290352e-16,2.2591401799415137e-16,9896,3750,2969,2917,13489,4115,positive
9,PASS,3.1493861707365856,156,52,0.3874145556895858,0.0,True,True,0.0,False,0.0,0.11910112359550562,0.2843294117647059,"{2: True, 3: True, 4: True, 5: True}",0.0,5,1.1443916996305594e-16,2.0,0.11934579070043061,0.28714000570287995,0.28714000570287995,1.0521e-05,False,2,4,1.0356530682207747,2,2,1.1102230246251565e-16,B_DiagonalPhase,4,30.566051072233204,209,104,0.30125321336760924,2.220446049250313e-16,2,2.917e-06,3.854e-06,3.021e-06,2.2887833992611187e-16,2,1.1775693440128312e-16,6.206335383118183e-17,9948,3854,3021,2917,12448,3750,positive
9,PASS,2.8208241326247636,104,52,0.38296568627450983,0.0,True,True,0.0,False,0.0,0.11826329416450906,0.27804832365611537,"{2: True, 3: True, 4: True, 5: True}",0.0,5,2.220446049250313e-16,2.0,0.11778006981910505,0.27943529411764706,0.27943529411764706,1.0625e-05,False,2,4,0.982787156570672,2,2,2.220446049250313e-16,C_SparseLocal,8,3.15888454954999,155,52,0.3109318273497378,2.220446049250313e-16,2,3.021e-06,3.75e-06,2.969e-06,5.635475559608569e-16,0,1.9229626863835646e-16,1.2412670766236366e-16,9792,3750,2969,3021,12395,3854,positive
9,PASS,3.0321000549211408,156,104,0.3841956345998383,0.0,True,True,0.0,False,0.0,0.12084,0.28714000570287995,"{2: True, 3: True, 4: True, 5: True}",0.0,5,1.2412670766236366e-16,2.0,0.11984290701364646,0.28716730038022814,0.28716730038022814,1.052e-05,False,2,4,1.0178571428571428,2,2,1.6653345369377348e-16,C_SparseLocal,8,2.0961938051475144,53,52,0.3037913156189242,2.220446049250313e-16,2,2.968e-06,3.802e-06,3.021e-06,3.433175098891678e-16,1,1.8094421531119206e-16,1.2412670766236366e-16,9896,3802,3021,2968,12344,3750,positive
9,PASS,2.3390066414675528,104,53,0.3904918369442448,0.0,True,True,0.0,False,0.0,0.1187647505900236,0.2794615963855422,"{2: True, 3: True, 4: True, 5: True}",0.0,5,2.2887833992611187e-16,2.0,0.11851349193677152,0.2794089968003011,0.2794089968003011,1.0626e-05,False,2,4,1.0,2,2,3.3306690738754696e-16,C_SparseLocal,8,1.9963395118953855,105,104,0.31221646143875564,2.220446049250313e-16,2,2.969e-06,3.803e-06,2.969e-06,2.220446049250313e-16,2,1.9821445675202307e-16,1.1188630228279524e-16,9739,3803,2969,2969,12344,3854,positive
9,PASS,4.600855904796832,156,105,0.3926417370325694,0.0,True,True,0.0,False,0.0,0.11801884167428549,0.2780743654584621,"{2: True, 3: True, 4: True, 5: True}",0.0,5,2.482534153247273e-16,2.0,0.11609901067532163,0.2767008387698043,0.2767008387698043,1.073e-05,False,2,4,0.982787156570672,2,2,3.885780586188048e-16,D_TensorProductLocal,8,3.323856703175609,157,104,0.3017296096477309,2.220446049250313e-16,2,3.021e-06,3.906e-06,2.969e-06,1.1443916996305594e-16,0,2.3705489798477867e-16,1.5700924586837752e-16,9948,3906,2969,3021,12604,3803,positive
9,PASS,3.0730750391908734,105,52,0.3882761437908497,0.0,True,True,0.0,False,0.0,0.12008586079421235,0.2857277972193323,"{2: True, 3: True, 4: True, 5: True}",0.0,5,2.2887833992611187e-16,2.0,0.11983815304058075,0.28714000570287995,0.28714000570287995,1.0521e-05,False,2,4,1.0356530682207747,2,2,2.220446049250313e-16,D_TensorProductLocal,8,20.588692567477306,156,104,0.30416,2.220446049250313e-16,2,2.917e-06,3.802e-06,3.021e-06,3.554447978966673e-16,1,1.3738309013483034e-16,7.850462293418876e-17,9792,3802,3021,2917,12500,3802,positive
9,PASS,2.725863247787583,104,53,0.3894502829426031,0.0,True,True,0.0,False,0.0,0.12165479018210609,0.2935332887572834,"{2: True, 3: True, 4: True, 5: True}",0.0,5,2.220446049250313e-16,2.0,0.12164997426863544,0.2906459850562754,0.2906459850562754,1.0573e-05,False,2,4,1.0350286291680701,2,2,1.1102230246251565e-16,D_TensorProductLocal,8,7.269029309614903,156,52,0.30251694094869314,2.220446049250313e-16,2,2.969e-06,3.854e-06,3.073e-06,3.376611507232129e-16,2,1.9626155733547191e-16,1.1443916996305594e-16,9896,3854,3073,2969,12396,3750,positive
9,PASS,2.703089254142177,104,103,0.378233187425388,0.0,True,True,0.0,False,0.0,0.11753295593998654,0.2808096093823891,"{2: True, 3: True, 4: True, 5: True}",0.0,5,1.3877787807814457e-16,2.0,0.11657308885311556,0.27943529411764706,0.27943529411764706,1.0625e-05,False,2,4,1.0,2,2,5.551115123125783e-16,E_RandomUnitary,8,1.9640557187035628,104,52,0.30960796915167094,2.220446049250313e-16,2,2.969e-06,3.802e-06,2.969e-06,7.947987303456223e-16,0,3.3132764271951793e-16,2.3263411494723067e-16,10052,3802,2969,2969,12448,3854,positive
9,PASS,3.207290180378462,105,52,0.3802,0.0,True,True,0.0,False,0.0,0.11910112359550562,0.28294464737285757,"{2: True, 3: True, 4: True, 5: True}",0.0,5,2.220446049250313e-16,2.0,0.11886213408876298,0.2857548240635641,0.2857548240635641,1.0572e-05,False,2,4,1.0003311258278145,2,2,1.3877787807814457e-16,E_RandomUnitary,8,2.948249124839515,208,104,0.30251694094869314,2.220446049250313e-16,2,3.02e-06,3.802e-06,3.021e-06,3.34369918708632e-16,1,1.7615773110749169e-16,1.2412670766236366e-16,10000,3802,3021,3020,12396,3750,positive
9,PASS,4.754770663039505,208,156,0.38773510971786834,0.0,True,True,0.0,False,0.0,0.11582439024390244,0.27934117647058826,"{2: True, 3: True, 4: True, 5: True}",0.0,5,2.237726045655905e-16,2.0,0.11582439024390244,0.2766334234318203,0.2766334234318203,1.0729e-05,False,2,4,0.9996631862579993,2,2,5.551115123125783e-16,E_RandomUnitary,8,2.843630734436919,104,52,0.3054305912596401,2.220446049250313e-16,2,2.969e-06,3.958e-06,2.968e-06,2.897767167584095e-16,2,2.925877407343182e-16,1.5700924586837752e-16,10208,3958,2968,2969,12448,3802,positive
9,PASS,3.481142602785387,105,52,0.38340628730600873,0.0,True,True,0.0,False,0.0,0.11837774294670847,0.2815995525727069,"{2: True, 3: True, 4: True, 5: True}",0.0,5,1.2412670766236366e-16,2.0,0.11837310450217468,0.2843294117647059,0.2843294117647059,1.0625e-05,False,2,4,1.017514314584035,2,2,2.220446049250313e-16,F_HeterogeneousProduct,8,3.9661403911472677,156,104,0.30416,2.220446049250313e-16,2,2.969e-06,3.854e-06,3.021e-06,3.908020529499657e-16,0,1.7801001689861786e-16,1.2412670766236366e-16,10052,3854,3021,2969,12500,3802,positive
9,PASS,3.652702479006752,104,104,0.38751507840772015,0.0,True,True,0.0,False,0.0,0.11813240527118445,0.2815733059931028,"{2: True, 3: True, 4: True, 5: True}",0.0,5,1.1631705747361534e-16,2.0,0.11693891770534955,0.2761930883159627,0.2761930883159627,1.0938e-05,False,2,4,0.9830784249918646,2,2,2.220446049250313e-16,F_HeterogeneousProduct,8,3.6905043003377163,208,53,0.3129633965503785,2.220446049250313e-16,2,3.073e-06,3.855e-06,3.021e-06,1.2412670766236366e-16,1,2.0770370905276122e-16,1.2412670766236366e-16,9948,3855,3021,3073,12813,4010,positive
9,PASS,3.626305829653294,156,105,0.3958,0.0,True,True,0.0,False,0.0,0.11657308885311556,0.2767266287631652,"{2: True, 3: True, 4: True, 5: True}",0.0,5,2.482534153247273e-16,2.0,0.11705105460279913,0.2767266287631652,0.2767266287631652,1.0729e-05,False,2,4,1.0,2,2,1.1102230246251565e-16,F_HeterogeneousProduct,8,3.3919781602165178,105,104,0.30671184252984834,2.220446049250313e-16,2,2.969e-06,3.958e-06,2.969e-06,2.267533093483919e-16,2,1.3912439017329682e-16,7.850462293418876e-17,10000,3958,2969,2969,12396,3802,positive
9,PASS,5.321690257422827,156,53,0.3874145556895858,0.0,True,True,0.0,False,0.0,0.11934579070043061,0.2802151933957889,"{2: True, 3: True, 4: True, 5: True}",0.0,5,7.850462293418876e-17,2.0,0.11600491513708625,0.280189204229271,0.280189204229271,1.0782e-05,False,2,4,1.0,2,2,4.440892098500626e-16,G_ForwardReverse,8,4.609695477380215,312,104,0.2988602463091869,2.220446049250313e-16,2,3.021e-06,3.854e-06,3.021e-06,2.7755575615628914e-16,0,1.7663540160192464e-16,1.1188630228279524e-16,9948,3854,3021,3021,13073,3907,positive
9,PASS,4.765879837078573,208,52,0.38657957244655583,0.0,True,True,0.0,False,0.0,0.11741158181111543,0.28430265386787124,"{2: True, 3: True, 4: True, 5: True}",0.0,5,1.5700924586837752e-16,2.0,0.11670851844697701,0.2815733059931028,0.2815733059931028,1.0729e-05,False,2,4,1.0,2,2,3.3306690738754696e-16,G_ForwardReverse,8,4.238126424485934,207,104,0.29796238244514106,2.220446049250313e-16,2,3.021e-06,3.906e-06,3.021e-06,2.7755575615628914e-16,1,1.6420419976791492e-16,1.1443916996305594e-16,10104,3906,3021,3021,12760,3802,positive
9,PASS,3.7083733763978097,156,103,0.3821873743466023,0.0,True,True,0.0,False,0.0,0.1219009084057281,0.2920547424444022,"{2: True, 3: True, 4: True, 5: True}",0.0,5,1.2412670766236366e-16,2.0,0.12090333241531259,0.2892235294117647,0.2892235294117647,1.0625e-05,False,2,4,1.017212843429328,2,2,2.220446049250313e-16,G_ForwardReverse,8,3.974000877196136,156,104,0.3054305912596401,2.220446049250313e-16,2,3.021e-06,3.802e-06,3.073e-06,2.7755575615628914e-16,2,1.9329521701561158e-16,1.2412670766236366e-16,9948,3802,3073,3021,12448,3802,positive
9,PASS,3.331372226941374,103,52,0.38622511174319385,0.0,True,True,0.0,False,0.0,0.12327385570209465,0.2891456646347011,"{2: True, 3: True, 4: True, 5: True}",0.0,5,1.1443916996305594e-16,2.0,0.12326907412435514,0.2947778499211576,0.2947778499211576,1.0781e-05,False,2,8,1.0341685649202734,3,4,4.440892098500626e-16,A_Permutation,8,3.1771325653366795,209,104,0.30363805970149255,2.220446049250313e-16,4,3.073e-06,3.802e-06,3.178e-06,2.2887833992611187e-16,0,1.8200548080610227e-16,1.1443916996305594e-16,9844,3802,3178,3073,12864,3906,positive
9,PASS,22.659036509250832,156,104,0.3978689183755529,0.0,True,True,0.0,False,0.0,0.12398048780487805,0.29186954524575104,"{2: True, 3: True, 4: True, 5: True}",0.0,5,7.850462293418876e-17,2.0,0.12323028586943874,0.28774567521057876,0.28774567521057876,1.1041e-05,False,2,8,1.0,3,4,3.3306690738754696e-16,A_Permutation,8,1.9762452057582993,157,104,0.3086283185840708,2.220446049250313e-16,4,3.177e-06,3.958e-06,3.177e-06,1.3877787807814457e-16,1,1.9626539053158043e-16,7.850462293418876e-17,9948,3958,3177,3177,12656,3906,positive
9,PASS,3.1871174910607505,156,52,0.3947049312853678,0.0,True,True,0.0,False,0.0,0.12525133057362509,0.29468509414711064,"{2: True, 3: True, 4: True, 5: True}",0.0,5,7.850462293418876e-17,2.0,0.12423258905877292,0.29324349270814104,0.29324349270814104,1.0834e-05,False,2,8,1.0338431500162708,3,4,1.1102230246251565e-16,A_Permutation,8,4.398798801260907,104,103,0.3058552840368137,2.220446049250313e-16,4,3.073e-06,3.906e-06,3.177e-06,1.668583973270389e-16,2,1.66840361506057e-16,7.850462293418876e-17,9896,3906,3177,3073,12604,3855,positive
9,PASS,2.748871699157939,52,52,0.3915075172694027,0.0,True,True,0.0,False,0.0,0.12473498233215548,0.2961133376829155,"{2: True, 3: True, 4: True, 5: True}",0.0,5,1.1443916996305594e-16,2.0,0.12473987985394008,0.2961133376829155,0.2961133376829155,1.0729e-05,False,2,8,1.051638530287984,3,4,1.6653345369377348e-16,B_DiagonalPhase,8,2.860442754662333,156,52,0.305775944144716,2.220446049250313e-16,4,3.021e-06,3.854e-06,3.177e-06,1.5700924586837752e-16,0,1.89522013135208e-16,1.1102230246251565e-16,9844,3854,3177,3021,12604,3854,positive
9,PASS,4.249238940566803,156,52,0.3874535035689152,0.0,True,True,0.0,False,0.0,0.12320126158091858,0.2912666604529779,"{2: True, 3: True, 4: True, 5: True}",0.0,5,1.1443916996305594e-16,2.0,0.1229588825496754,0.2941453313253012,0.2941453313253012,1.0624e-05,False,2,8,1.0347682119205297,3,4,1.3877787807814457e-16,B_DiagonalPhase,8,3.0779555895842994,104,52,0.30125321336760924,2.220446049250313e-16,4,3.02e-06,3.854e-06,3.125e-06,1.1123893155135927e-16,1,2.1611062248624077e-16,1.1443916996305594e-16,9947,3854,3125,3020,12448,3750,positive
9,PASS,3.3392641225956994,156,52,0.3863266964648517,0.0,True,True,0.0,False,0.0,0.11959619952494062,0.28430265386787124,"{2: True, 3: True, 4: True, 5: True}",0.0,5,1.2412670766236366e-16,2.0,0.11836846642112687,0.2857007754870437,0.2857007754870437,1.0574e-05,False,2,8,1.0356530682207747,3,4,3.3306690738754696e-16,B_DiagonalPhase,8,9.989691605319228,312,52,0.30201394875009796,2.220446049250313e-16,4,2.917e-06,3.803e-06,3.021e-06,2.897767167584095e-16,2,3.0022245318650416e-16,1.7554167342883506e-16,9844,3803,3021,2917,12761,3854,positive
9,PASS,3.4973314757615066,156,52,0.3926417370325694,0.0,True,True,0.0,False,0.0,0.1267815776041462,0.2995083943975512,"{2: True, 3: True, 4: True, 5: True}",0.0,5,1.6667795129466247e-16,2.0,0.12652325535833236,0.2966467615985301,0.2966467615985301,1.0885e-05,False,2,8,1.03328,3,4,1.1102230246251565e-16,C_SparseLocal,32,1.9974520442435253,104,53,0.30960796915167094,2.220446049250313e-16,4,3.125e-06,3.906e-06,3.229e-06,3.342213888644167e-16,0,2.001483021243361e-16,1.2412670766236366e-16,9948,3906,3229,3125,12448,3854,positive
9,PASS,4.204384492081864,104,52,0.3926417370325694,0.0,True,True,0.0,False,0.0,0.12423258905877292,0.29755549311604385,"{2: True, 3: True, 4: True, 5: True}",0.0,5,1.1443916996305594e-16,2.0,0.12423258905877292,0.29186954524575104,0.29186954524575104,1.0885e-05,False,2,8,1.0338431500162708,3,4,1.3877787807814457e-16,C_SparseLocal,32,2.671689366204943,156,52,0.31118546845124284,2.220446049250313e-16,4,3.073e-06,3.906e-06,3.177e-06,1.6883057536160646e-16,1,2.5210253502251575e-16,1.5700924586837752e-16,9948,3906,3177,3073,12552,3906,positive
9,PASS,2.156803765972563,53,104,0.38854073410922113,0.0,True,True,0.0,False,0.0,0.1204106422162141,0.2836702667774393,"{2: True, 3: True, 4: True, 5: True}",0.0,5,1.2412670766236366e-16,2.0,0.1194325689856199,0.28503849364622946,0.28503849364622946,1.0781e-05,False,2,8,1.017212843429328,3,4,2.220446049250313e-16,C_SparseLocal,32,3.5362240463748416,207,104,0.304519595448799,2.220446049250313e-16,4,3.021e-06,3.906e-06,3.073e-06,3.348690356123522e-16,2,2.64771316376407e-16,1.2412670766236366e-16,10053,3906,3073,3021,12656,3854,positive
9,PASS,3.2421257374755466,104,53,0.38867886987664146,0.0,True,True,0.0,False,0.0,0.11788808241629595,0.28291814946619215,"{2: True, 3: True, 4: True, 5: True}",0.0,5,1.6653345369377348e-16,2.0,0.11789268292682926,0.28291814946619215,0.28291814946619215,1.0678e-05,False,2,8,1.0356530682207747,3,4,2.220446049250313e-16,D_TensorProductLocal,32,8.40991346921991,157,52,0.304519595448799,2.220446049250313e-16,4,2.917e-06,3.907e-06,3.021e-06,2.8066088919804617e-16,0,2.3633021048361527e-16,1.4946834900704541e-16,10052,3907,3021,2917,12656,3854,positive
9,PASS,2.38021815945604,104,53,0.3814330958036421,0.0,True,True,0.0,False,0.0,0.12072628935677034,0.28986179389667005,"{2: True, 3: True, 4: True, 5: True}",0.0,5,1.2412670766236366e-16,2.0,0.12096930282971394,0.28986179389667005,0.28986179389667005,1.0781e-05,False,2,8,1.034425686858656,3,4,2.220446049250313e-16,D_TensorProductLocal,32,3.8975466850706,208,104,0.3073654390934844,2.220446049250313e-16,4,3.021e-06,3.854e-06,3.125e-06,1.2412670766236366e-16,1,2.0325156163509841e-16,1.1443916996305594e-16,10104,3854,3125,3021,12708,3906,positive
9,PASS,3.147880403837342,105,52,0.3926417370325694,0.0,True,True,0.0,False,0.0,0.12245297805642633,0.28986179389667005,"{2: True, 3: True, 4: True, 5: True}",0.0,5,1.6653345369377348e-16,2.0,0.12195121951219512,0.2884704144742915,0.2884704144742915,1.0833e-05,False,2,8,1.052542943752105,3,4,1.6653345369377348e-16,D_TensorProductLocal,32,3.599378740044692,156,52,0.31145734970097577,2.220446049250313e-16,4,2.969e-06,3.906e-06,3.125e-06,2.2473876566261383e-16,2,1.5608655866697344e-16,6.938893903907228e-17,9948,3906,3125,2969,12708,3958,positive
9,PASS,3.0832172616039912,104,53,0.3926417370325694,0.0,True,True,0.0,False,0.0,0.12241077119184193,0.287787975276269,"{2: True, 3: True, 4: True, 5: True}",0.0,5,1.2412670766236366e-16,2.0,0.12090333241531259,0.28503849364622946,0.28503849364622946,1.0781e-05,False,2,8,1.017212843429328,3,4,1.1102230246251565e-16,E_RandomUnitary,32,2.4792599008551575,104,52,0.30960796915167094,2.220446049250313e-16,4,3.021e-06,3.906e-06,3.073e-06,4.965068306494546e-16,0,2.0259906697651148e-16,1.1443916996305594e-16,9948,3906,3073,3021,12448,3854,positive
9,PASS,2.977563594231428,104,52,0.3917260490894695,0.0,True,True,0.0,False,0.0,0.11967442947270036,0.283644083441019,"{2: True, 3: True, 4: True, 5: True}",0.0,5,1.2412670766236366e-16,2.0,0.12017049898326294,0.2836964549483013,0.2836964549483013,1.0832e-05,False,2,8,1.0353773584905661,3,4,1.6653345369377348e-16,E_RandomUnitary,32,5.184152084776762,156,51,0.31248,2.220446049250313e-16,4,2.968e-06,3.958e-06,3.073e-06,2.0014830212433607e-16,1,1.7137803725070888e-16,8.326672684688674e-17,10104,3958,3073,2968,12500,3906,positive
9,PASS,2.388715686284946,104,53,0.38972036234738083,0.0,True,True,0.0,False,0.0,0.11871281773931855,0.287787975276269,"{2: True, 3: True, 4: True, 5: True}",0.0,5,1.2412670766236366e-16,2.0,0.11967909023639833,0.287814929287253,0.287814929287253,1.0677e-05,False,2,8,1.0534796023311621,3,4,3.885780586188048e-16,E_RandomUnitary,32,3.7061828800875487,105,52,0.30165026975563314,2.220446049250313e-16,4,2.917e-06,3.958e-06,3.073e-06,2.5476231888929306e-16,2,3.624202287500099e-16,2.220446049250313e-16,10156,3958,3073,2917,12604,3802,positive
9,PASS,2.4410641414791763,104,103,0.38857938718662954,0.0,True,True,0.0,False,0.0,0.1199219512195122,0.28501205713225747,"{2: True, 3: True, 4: True, 5: True}",0.0,5,2.482534153247273e-16,2.0,0.11967909023639833,0.28503849364622946,0.28503849364622946,1.0781e-05,False,2,8,1.017212843429328,3,4,2.220446049250313e-16,F_HeterogeneousProduct,32,2.5560790630401624,52,52,0.305775944144716,2.220446049250313e-16,4,3.021e-06,3.906e-06,3.073e-06,8.005932084973443e-16,0,2.0443258006786258e-16,1.1443916996305594e-16,10052,3906,3073,3021,12604,3854,positive
9,PASS,3.972297800389005,156,53,0.37383630721489525,0.0,True,True,0.0,False,0.0,0.12072628935677034,0.2884704144742915,"{2: True, 3: True, 4: True, 5: True}",0.0,5,2.2887833992611187e-16,2.0,0.12096930282971394,0.29265780108634576,0.29265780108634576,1.0678e-05,False,2,8,1.052542943752105,3,4,2.498001805406602e-16,F_HeterogeneousProduct,32,4.0893498270868935,104,52,0.3070427023581899,2.220446049250313e-16,4,2.969e-06,3.855e-06,3.125e-06,2.665835984225005e-16,1,4.069766273599779e-16,2.237726045655905e-16,10312,3855,3125,2969,12552,3854,positive
9,PASS,3.3495324429470386,156,104,0.38857938718662954,0.0,True,True,0.0,False,0.0,0.11943721092930157,0.283644083441019,"{2: True, 3: True, 4: True, 5: True}",0.0,5,1.2412670766236366e-16,2.0,0.12016579986704727,0.28503849364622946,0.28503849364622946,1.0781e-05,False,2,8,1.017212843429328,3,4,2.7755575615628914e-17,F_HeterogeneousProduct,32,3.029968310888731,156,52,0.30832,2.220446049250313e-16,4,3.021e-06,3.906e-06,3.073e-06,2.2473876566261383e-16,2,1.193812447098184e-16,6.206335383118183e-17,10052,3906,3073,3021,12500,3854,positive
9,PASS,2.549927796802317,53,52,0.38300480032683076,0.0,True,True,0.0,False,0.0,0.1255086319282582,0.2961133376829155,"{2: True, 3: True, 4: True, 5: True}",0.0,5,1.4946834900704541e-16,2.0,0.12525626872733006,0.30196749358426006,0.30196749358426006,1.0521e-05,False,2,8,1.07005725833614,3,4,3.3306690738754696e-16,G_ForwardReverse,32,7.341988578467508,156,104,0.30165026975563314,2.220446049250313e-16,4,2.969e-06,3.75e-06,3.177e-06,2.2887833992611187e-16,0,2.4607405624679316e-16,1.2412670766236366e-16,9791,3750,3177,2969,12604,3802,positive
9,PASS,3.2901421883126694,52,53,0.39995957962813256,0.0,True,True,0.0,False,0.0,0.1199219512195122,0.28503849364622946,"{2: True, 3: True, 4: True, 5: True}",0.0,5,1.6711069443220836e-16,2.0,0.1204059243006034,0.2836702667774393,0.2836702667774393,1.0833e-05,False,2,8,1.017212843429328,3,4,1.6653345369377348e-16,G_ForwardReverse,32,2.7095370273721953,105,104,0.3057516858389528,2.220446049250313e-16,4,3.021e-06,3.958e-06,3.073e-06,3.1401849173675503e-16,1,3.048378582405476e-16,1.6653345369377348e-16,9896,3958,3073,3021,12605,3854,positive
9,PASS,2.8519178584956038,103,52,0.3874535035689152,0.0,True,True,0.0,False,0.0,0.12809425579181213,0.30239745270649937,"{2: True, 3: True, 4: True, 5: True}",0.0,5,1.1857187100668868e-16,2.0,0.12678655567771321,0.30242577503043927,0.30242577503043927,1.0677e-05,False,2,8,1.050764725024406,3,4,1.1102230246251565e-16,G_ForwardReverse,32,4.024284157352445,209,53,0.30125321336760924,2.220446049250313e-16,4,3.073e-06,3.854e-06,3.229e-06,5.721958498152797e-16,2,1.764148529837405e-16,7.850462293418876e-17,9947,3854,3229,3073,12448,3750,positive
9,PASS,4.594625238224051,156,52,0.3903891569976384,0.0,True,True,0.0,False,0.0,0.1351642648996048,0.3171302800412101,"{2: True, 3: True, 4: True, 5: True}",0.0,5,0.0,4.0,0.13515886955133322,0.3171302800412101,0.3171302800412101,1.0677e-05,False,4,16,1.140451330414281,4,4,0.0,A_Permutation,16,2.0166788202032078,155,53,0.3164290343486714,0.0,4,2.969e-06,3.802e-06,3.386e-06,0.0,0,0.0,0.0,9739,3802,3386,2969,12344,3906,positive
9,PASS,2.5522831981991194,104,52,0.4073547338480293,0.0,True,True,0.0,False,0.0,0.13498763202324393,0.31581848245452876,"{2: True, 3: True, 4: True, 5: True}",0.0,5,0.0,4.0,0.13610451306413301,0.3173929098966027,0.3173929098966027,1.0832e-05,False,4,16,1.158355795148248,4,4,0.0,A_Permutation,16,4.1621400870066605,208,104,0.30960796915167094,0.0,4,2.968e-06,4.01e-06,3.438e-06,0.0,1,0.0,0.0,9844,4010,3438,2968,12448,3854,positive
9,PASS,4.256719969115971,104,104,0.4021131768769684,0.0,True,True,0.0,False,0.0,0.13834326195459667,0.3235128012048193,"{2: True, 3: True, 4: True, 5: True}",0.0,5,0.0,4.0,0.13550701782053304,0.31880159539931363,0.31880159539931363,1.0781e-05,False,4,16,1.1576288312563152,4,4,0.0,A_Permutation,16,2.1886416290155433,104,52,0.3070427023581899,0.0,4,2.969e-06,3.958e-06,3.437e-06,0.0,2,0.0,0.0,9843,3958,3437,2969,12552,3854,positive
9,PASS,3.308080465336462,105,53,0.40535624052551794,0.0,True,True,0.0,False,0.0,0.13321792501081953,0.3140419217213875,"{2: True, 3: True, 4: True, 5: True}",0.0,5,0.0,4.0,0.13349629395994322,0.31253461325456894,0.31253461325456894,1.0834e-05,False,4,16,1.140451330414281,4,4,0.0,B_DiagonalPhase,16,3.3909722328166456,156,52,0.30832,0.0,4,2.969e-06,4.011e-06,3.386e-06,5.721958498152797e-17,0,0.0,0.0,9895,4011,3386,2969,12500,3854,positive
9,PASS,3.4277809341274375,104,52,0.39781172584640795,0.0,True,True,0.0,False,0.0,0.1360595384189066,0.32345191040843213,"{2: True, 3: True, 4: True, 5: True}",0.0,5,0.0,4.0,0.13718915898295614,0.32190690268802097,0.32190690268802097,1.0677e-05,False,4,16,1.1576288312563152,4,4,0.0,B_DiagonalPhase,16,3.2328199616679085,156,52,0.31090674411100355,0.0,4,2.969e-06,3.854e-06,3.437e-06,6.206335383118183e-17,1,0.0,0.0,9688,3854,3437,2969,12396,3854,positive
9,PASS,3.614647680514854,156,52,0.3959,0.0,True,True,0.0,False,0.0,0.137551744529864,0.3236248956497542,"{2: True, 3: True, 4: True, 5: True}",0.0,5,0.0,4.0,0.13588035985512326,0.32359488035614914,0.32359488035614914,1.0782e-05,False,4,16,1.135372600065083,4,4,0.0,B_DiagonalPhase,16,3.5614483223482507,104,52,0.2975245953665503,0.0,4,3.073e-06,3.959e-06,3.489e-06,6.206335383118183e-17,2,0.0,0.0,10000,3959,3489,3073,12604,3750,positive
9,PASS,4.295380767839389,260,156,0.39902506963788303,0.0,True,True,0.0,False,0.0,0.13699544526464583,0.3174993174993175,"{2: True, 3: True, 4: True, 5: True}",0.0,5,5.721958498152797e-17,4.0,0.13533222140335907,0.3130270949219451,0.3130270949219451,1.1146e-05,False,4,16,1.1549155908639523,4,4,6.938893903907228e-18,C_SparseLocal,32,4.577695209276194,155,103,0.3237330815234498,0.0,4,3.021e-06,4.011e-06,3.489e-06,1.1443916996305594e-16,0,6.39734408315113e-17,2.8609792490763984e-17,10052,4011,3489,3021,12708,4114,positive
9,PASS,4.540736395876925,155,104,0.39400698215671065,0.0,True,True,0.0,False,0.0,0.132238082413143,0.3112660749864155,"{2: True, 3: True, 4: True, 5: True}",0.0,5,1.1443916996305594e-16,4.0,0.13120323713544052,0.31425436591387035,0.31425436591387035,1.0937e-05,False,4,16,1.1580188679245282,4,4,5.551115123125783e-17,C_SparseLocal,64,3.826505058632128,156,52,0.30241560854753796,0.0,4,2.968e-06,4.063e-06,3.437e-06,7.850462293418876e-17,1,1.2566871346510768e-16,5.721958498152797e-17,10312,4063,3437,2968,12916,3906,positive
9,PASS,3.9856407924129464,104,53,0.4201388888888889,0.0,True,True,0.0,False,0.0,0.1373042725627508,0.3131168132065315,"{2: True, 3: True, 4: True, 5: True}",0.0,5,6.206335383118183e-17,4.0,0.13591401199470363,0.31024979998222063,0.31024979998222063,1.1249e-05,False,4,16,1.155246607083747,4,4,3.469446951953614e-18,C_SparseLocal,32,2.9164703184425327,157,53,0.31978235522736104,0.0,4,3.021e-06,4.114e-06,3.49e-06,6.206335383118183e-17,2,3.1031676915590914e-17,1.3877787807814457e-17,9792,4114,3490,3021,12865,4114,positive
9,PASS,3.260905950165585,53,53,0.4114,0.0,True,True,0.0,False,0.0,0.13675012734610711,0.3175903175903176,"{2: True, 3: True, 4: True, 5: True}",0.0,5,5.594315114139762e-17,4.0,0.13564460336585177,0.31022222222222223,0.31022222222222223,1.125e-05,False,4,16,1.1356980149690856,4,4,1.1102230246251565e-16,D_TensorProductLocal,64,2.9087082577875267,156,104,0.32103350189633373,0.0,4,3.073e-06,4.114e-06,3.49e-06,1.1188630228279524e-16,0,8.582937747229195e-17,2.7755575615628914e-17,10000,4114,3490,3073,12656,4063,positive
9,PASS,6.2355183468318955,156,104,0.39484048838125246,0.0,True,True,0.0,False,0.0,0.13759116893356987,0.32059525996693,"{2: True, 3: True, 4: True, 5: True}",0.0,5,6.206335383118183e-17,4.0,0.13509851740022452,0.3175903175903176,0.3175903175903176,1.0989e-05,False,4,16,1.1356980149690856,4,4,5.551115123125783e-17,D_TensorProductLocal,64,5.312241056727896,260,104,0.3099016185337988,0.0,4,3.073e-06,4.01e-06,3.49e-06,5.594315114139762e-17,1,9.616378215626109e-17,2.7769124835677133e-17,10156,4010,3490,3073,12604,3906,positive
9,PASS,3.3276552488583375,156,103,0.39796944109368715,0.0,True,True,0.0,False,0.0,0.136472060376178,0.3175325266126831,"{2: True, 3: True, 4: True, 5: True}",0.0,5,6.206335383118183e-17,4.0,0.1370293297734501,0.3205658124368513,0.3205658124368513,1.0887e-05,False,4,16,1.1356980149690856,4,4,2.220446049250313e-16,D_TensorProductLocal,64,3.3756345464632966,105,52,0.30968830334190234,0.0,4,3.073e-06,3.959e-06,3.49e-06,1.2412670766236366e-16,2,1.4033044459902308e-16,5.647850449853784e-17,9948,3959,3490,3073,12448,3855,positive
9,PASS,3.363121777059249,104,52,0.39902506963788303,0.0,True,True,0.0,False,0.0,0.1313370311469687,0.30664734649520015,"{2: True, 3: True, 4: True, 5: True}",0.0,5,1.1102230246251565e-16,4.0,0.13160247191884644,0.3080702392866891,0.3080702392866891,1.0991e-05,False,4,16,1.120820920225091,4,4,2.220446049250313e-16,E_RandomUnitary,64,2.9066700144137116,104,103,0.3128160556257901,0.0,4,3.021e-06,4.011e-06,3.386e-06,2.9893669801409083e-16,0,1.7608938668935865e-16,6.206335383118183e-17,10052,4011,3386,3021,12656,3959,positive
9,PASS,2.9260426713029517,104,53,0.3978689183755529,0.0,True,True,0.0,False,0.0,0.13439956203808703,0.31425436591387035,"{2: True, 3: True, 4: True, 5: True}",0.0,5,5.647850449853784e-17,4.0,0.13357947920715119,0.3157556270096463,0.3157556270096463,1.0885e-05,False,4,16,1.1377027474346244,4,4,5.551115123125783e-17,E_RandomUnitary,64,2.3744236682554347,104,53,0.30608886450905104,0.0,4,3.021e-06,3.958e-06,3.437e-06,2.2729511820139823e-16,1,6.798699777552592e-17,3.1031676915590914e-17,9948,3958,3437,3021,12761,3906,positive
9,PASS,3.589158171229206,104,52,0.39697149643705465,0.0,True,True,0.0,False,0.0,0.13385520115278265,0.3141969101380382,"{2: True, 3: True, 4: True, 5: True}",0.0,5,5.928593550334434e-17,4.0,0.1330417279554076,0.3142256353995246,0.3142256353995246,1.0938e-05,False,4,16,1.1377027474346244,4,4,5.551115123125783e-17,E_RandomUnitary,64,4.027758239237357,105,52,0.3073412542292863,0.0,4,3.021e-06,4.011e-06,3.437e-06,2.3714374201337736e-16,2,1.8253379971363983e-16,6.206335383118183e-17,10104,4011,3437,3021,12709,3906,positive
9,PASS,4.922212902416532,156,52,0.4051792044111855,0.0,True,True,0.0,False,0.0,0.13198417879497715,0.30836174412345235,"{2: True, 3: True, 4: True, 5: True}",0.0,5,8.441528768080323e-17,4.0,0.1330417279554076,0.30977917981072556,0.30977917981072556,1.1095e-05,False,4,16,1.178265341103874,4,4,5.551115123125783e-17,F_HeterogeneousProduct,64,4.349551995239926,156,104,0.31839197555050547,0.0,4,2.917e-06,4.115e-06,3.437e-06,5.721958498152797e-17,0,8.326672684688674e-17,2.7755575615628914e-17,10156,4115,3437,2917,12761,4063,positive
9,PASS,4.747913276126203,105,52,0.3937524870672503,0.0,True,True,0.0,False,0.0,0.13389414651244305,0.3143170597915524,"{2: True, 3: True, 4: True, 5: True}",0.0,5,5.815852873680767e-17,4.0,0.13255195280872883,0.3113848383298614,0.3113848383298614,1.1041e-05,False,4,16,1.11877643996095,4,4,5.551115123125783e-17,F_HeterogeneousProduct,64,3.2245799643151667,155,53,0.3129878239150796,0.0,4,3.073e-06,3.958e-06,3.438e-06,2.3714374201337736e-16,1,1.4768600685300367e-16,6.206335383118183e-17,10052,3958,3438,3073,12812,4010,positive
9,PASS,3.539919074092712,105,53,0.4040986868284918,0.0,True,True,0.0,False,0.0,0.13846635122981268,0.32376337203986466,"{2: True, 3: True, 4: True, 5: True}",0.0,5,5.551792708129603e-17,4.0,0.139031764105383,0.3222313222313222,0.3222313222313222,1.0989e-05,False,4,16,1.1926574604243854,4,4,1.6653345369377348e-16,F_HeterogeneousProduct,64,2.4785526118217174,104,103,0.31796272493573263,0.0,4,2.969e-06,4.062e-06,3.541e-06,1.2412670766236366e-16,2,1.3695529233661919e-16,6.206335383118183e-17,10052,4062,3541,2969,12448,3958,positive
9,PASS,5.082342371228697,104,53,0.41020086648286724,0.0,True,True,0.0,False,0.0,0.1344386657803152,0.3056,"{2: True, 3: True, 4: True, 5: True}",0.0,5,7.850462293418876e-17,4.0,0.1325468424705066,0.30704653032062157,0.30704653032062157,1.1197e-05,False,4,16,1.157965644998316,4,4,1.1102230246251565e-16,G_ForwardReverse,64,3.3916258932100054,105,104,0.31702177476000937,0.0,4,2.969e-06,4.166e-06,3.438e-06,2.2247786310271853e-16,0,2.576049759734713e-16,1.1114420827879992e-16,10156,4166,3438,2969,12813,4062,positive
9,PASS,4.67271632910389,104,53,0.3948059822150364,0.0,True,True,0.0,False,0.0,0.1321314290174042,0.31256346349118436,"{2: True, 3: True, 4: True, 5: True}",0.0,5,5.551115123125783e-17,4.0,0.13267505191802828,0.314012797922656,0.314012797922656,1.0783e-05,False,4,16,1.1607816249571477,4,4,1.6653345369377348e-16,G_ForwardReverse,64,4.002486810548216,208,104,0.3115360402895814,0.0,4,2.917e-06,3.907e-06,3.386e-06,4.619448428525917e-16,1,1.3028916647385012e-16,5.721958498152797e-17,9896,3907,3386,2917,12708,3959,positive
9,PASS,4.790080055852128,156,104,0.4009746588693957,0.0,True,True,0.0,False,0.0,0.13416061812221963,0.31285831285831284,"{2: True, 3: True, 4: True, 5: True}",0.0,5,5.594315114139762e-17,4.0,0.1322867366962946,0.30995311936530834,0.30995311936530834,1.1092e-05,False,4,16,1.158355795148248,4,4,4.440892098500626e-16,G_ForwardReverse,64,4.642881347897654,157,53,0.31423869602695714,0.0,4,2.968e-06,4.114e-06,3.438e-06,9.71445146547012e-17,2,2.0062885096040707e-16,7.850462293418876e-17,10260,4114,3438,2968,12761,4010,positive
9,PASS,5.557907022942447,104,104,0.45126033871602994,0.0,True,True,0.0,False,0.0,0.18485438375510516,0.4008110568567409,"{2: True, 3: True, 4: True, 5: True}",0.0,5,0.0,4.0,0.18413048437381188,0.4025434294738592,0.4025434294738592,1.2031e-05,False,4,32,1.54976,5,8,0.0,A_Permutation,32,2.4504637353948784,156,104,0.3320021503724752,0.0,8,3.125e-06,4.583e-06,4.843e-06,0.0,0,0.0,0.0,10156,4583,4843,3125,13021,4323,positive
9,PASS,2.849904444592488,104,52,0.44735246564268394,0.0,True,True,0.0,False,0.0,0.18106312292358803,0.3862381540997116,"{2: True, 3: True, 4: True, 5: True}",0.0,5,0.0,4.0,0.18143459915611815,0.39469473684210526,0.39469473684210526,1.1875e-05,False,4,32,1.49984,5,8,0.0,A_Permutation,32,2.393358610681033,104,52,0.3374180455822666,0.0,8,3.125e-06,4.427e-06,4.687e-06,0.0,1,0.0,0.0,9896,4427,4687,3125,12812,4323,positive
9,PASS,2.985819979901828,104,52,0.4479,0.0,True,True,0.0,False,0.0,0.18422791402697344,0.393982212617405,"{2: True, 3: True, 4: True, 5: True}",0.0,5,0.0,4.0,0.18165095424235456,0.393982212617405,0.393982212617405,1.2031e-05,False,4,32,1.4679467327345928,5,8,0.0,A_Permutation,32,3.3585323891871637,156,104,0.3360279828993393,0.0,8,3.229e-06,4.479e-06,4.74e-06,0.0,2,0.0,0.0,10000,4479,4740,3229,12865,4323,positive
9,PASS,3.8764910725040385,156,104,0.4323,0.0,True,True,0.0,False,0.0,0.18111574717972492,0.3965488073084081,"{2: True, 3: True, 4: True, 5: True}",0.0,5,0.0,4.0,0.18147330933302366,0.40181709094025886,0.40181709094025886,1.1667e-05,False,4,32,1.5255450699642044,5,8,0.0,B_DiagonalPhase,32,2.462509802682332,156,104,0.334717868338558,0.0,8,3.073e-06,4.323e-06,4.688e-06,5.551115123125783e-17,0,0.0,0.0,10000,4323,4688,3073,12760,4271,positive
9,PASS,2.8973795983360797,156,53,0.4484362628661916,0.0,True,True,0.0,False,0.0,0.18161959146131146,0.39386635638297873,"{2: True, 3: True, 4: True, 5: True}",0.0,5,0.0,4.0,0.18124450223735036,0.39049110085695454,0.39049110085695454,1.2136e-05,False,4,32,1.4911894273127753,5,8,0.0,B_DiagonalPhase,32,4.101202099984224,208,105,0.34411193159735715,0.0,8,3.178e-06,4.531e-06,4.739e-06,6.206335383118183e-17,1,0.0,0.0,10104,4531,4739,3178,12865,4427,positive
9,PASS,2.6831482816393493,104,104,0.4388284846703889,0.0,True,True,0.0,False,0.0,0.18146628474103893,0.38966004488404954,"{2: True, 3: True, 4: True, 5: True}",0.0,5,0.0,4.0,0.17858367300293324,0.3862887277521424,0.3862887277521424,1.2136e-05,False,4,32,1.5255450699642044,5,8,0.0,B_DiagonalPhase,32,5.478375056261231,208,156,0.35338113964068163,0.0,8,3.073e-06,4.48e-06,4.688e-06,5.551115123125783e-17,2,0.0,0.0,10209,4480,4688,3073,12969,4583,positive
9,PASS,3.542970383127532,104,104,0.449432754775526,0.0,True,True,0.0,False,0.0,0.18613846329316047,0.40173955854599164,"{2: True, 3: True, 4: True, 5: True}",0.0,5,5.721958498152797e-17,4.0,0.18541240627130198,0.4034610630407911,0.4034610630407911,1.2135e-05,False,4,32,1.56672,5,8,2.7755575615628914e-16,C_SparseLocal,128,2.6668253608385855,156,104,0.3373689080814312,0.0,8,3.125e-06,4.635e-06,4.896e-06,9.309503074677274e-17,0,1.5422462453571532e-16,6.206335383118183e-17,10313,4635,4896,3125,12968,4375,positive
9,PASS,3.73619259909427,104,52,0.4264132553606238,0.0,True,True,0.0,False,0.0,0.18364374952096268,0.40353684210526314,"{2: True, 3: True, 4: True, 5: True}",0.0,5,4.86032246606382e-17,4.0,0.18183887982392896,0.4017774796679802,0.4017774796679802,1.1927e-05,False,4,32,1.484050789718179,5,8,1.3877787807814457e-17,C_SparseLocal,128,3.0935952546341405,105,104,0.3360541044776119,0.0,8,3.229e-06,4.375e-06,4.792e-06,8.777083671441753e-17,1,9.412373634839028e-17,3.1031676915590914e-17,10260,4375,4792,3229,12864,4323,positive
9,PASS,4.970587675829405,156,103,0.44225759768451517,0.0,True,True,0.0,False,0.0,0.18111724242195176,0.3932058751128251,"{2: True, 3: True, 4: True, 5: True}",0.0,5,5.721958498152797e-17,4.0,0.18004884463648319,0.3965574313141344,0.3965574313141344,1.2084e-05,False,4,32,1.53344,5,8,2.7755575615628914e-17,C_SparseLocal,64,5.301076352727387,156,104,0.3333333333333333,0.0,8,3.125e-06,4.584e-06,4.792e-06,5.003707553108402e-17,2,4.181367333348073e-17,1.962615573354719e-17,10365,4584,4792,3125,13125,4375,positive
9,PASS,3.1258207215021434,104,52,0.44558296856346996,0.0,True,True,0.0,False,0.0,0.18110875024145257,0.38966004488404954,"{2: True, 3: True, 4: True, 5: True}",0.0,5,1.1443916996305594e-16,4.0,0.18110875024145257,0.3913515318473996,0.3913515318473996,1.1979e-05,False,4,32,1.50016,5,8,5.551115123125783e-17,D_TensorProductLocal,256,2.8368825888607887,156,104,0.34427132514951214,0.0,8,3.125e-06,4.479e-06,4.688e-06,6.206335383118183e-17,0,1.1502930309728882e-16,3.1031676915590914e-17,10052,4479,4688,3125,12708,4375,positive
9,PASS,2.732664233001335,104,53,0.44947633824670286,0.0,True,True,0.0,False,0.0,0.18489255315088363,0.402593085106383,"{2: True, 3: True, 4: True, 5: True}",0.0,5,1.1102230246251565e-16,4.0,0.1827235005658242,0.3974727168294084,0.3974727168294084,1.2187e-05,False,4,32,1.5247088448221593,5,8,1.1102230246251565e-16,D_TensorProductLocal,256,3.9047357788001484,104,53,0.3359956992550495,0.0,8,3.177e-06,4.635e-06,4.844e-06,1.962615573354719e-16,1,1.430489624538199e-16,5.721958498152797e-17,10312,4635,4844,3177,13021,4375,positive
9,PASS,3.3807676805120237,104,53,0.43978689183755526,0.0,True,True,0.0,False,0.0,0.18034553080149293,0.39126805242507723,"{2: True, 3: True, 4: True, 5: True}",0.0,5,5.721958498152797e-17,4.0,0.17961983597761938,0.39297392470864423,0.39297392470864423,1.1927e-05,False,4,32,1.451532982347476,5,8,8.326672684688674e-17,D_TensorProductLocal,256,3.3433431963812357,155,105,0.33467523418750483,0.0,8,3.229e-06,4.375e-06,4.687e-06,8.441528768080323e-17,2,1.134487933231347e-16,3.1031676915590914e-17,9948,4375,4687,3229,12917,4323,positive
9,PASS,3.2028394352665,105,209,0.4646562590904683,0.0,True,True,0.0,False,0.0,0.18088476659414482,0.3871732026143791,"{2: True, 3: True, 4: True, 5: True}",0.0,5,5.928593550334434e-17,4.0,0.18124450223735036,0.3871732026143791,0.3871732026143791,1.224e-05,False,4,32,1.5686858656074147,5,8,5.551115123125783e-17,E_RandomUnitary,256,3.927207181074085,53,208,0.34550846796222584,0.0,8,3.021e-06,4.792e-06,4.739e-06,2.7371275972570854e-16,0,2.610398606436398e-16,1.1102230246251565e-16,10313,4792,4739,3021,12813,4427,positive
9,PASS,2.5950429571834808,105,53,0.4321690467001158,0.0,True,True,0.0,False,0.0,0.1784436998832963,0.3776290630975143,"{2: True, 3: True, 4: True, 5: True}",0.0,5,6.206335383118183e-17,4.0,0.17985884495712226,0.393982212617405,0.393982212617405,1.2031e-05,False,4,32,1.4919735599622286,5,8,1.1102230246251565e-16,E_RandomUnitary,256,2.5858703438705333,53,52,0.341450089752595,0.0,8,3.177e-06,4.479e-06,4.74e-06,1.3877787807814457e-16,1,1.7413893541504344e-16,5.551115123125783e-17,10364,4479,4740,3177,12813,4375,positive
9,PASS,2.8615983312457165,105,52,0.45126033871602994,0.0,True,True,0.0,False,0.0,0.18637937668333976,0.3974727168294084,"{2: True, 3: True, 4: True, 5: True}",0.0,5,6.206335383118183e-17,4.0,0.1827235005658242,0.3957516339869281,0.3957516339869281,1.224e-05,False,4,32,1.55008,5,8,6.938893903907228e-17,E_RandomUnitary,256,2.3796054141331653,156,104,0.3425806939300023,0.0,8,3.125e-06,4.583e-06,4.844e-06,2.0014830212433607e-16,2,2.040789921755151e-16,5.721958498152797e-17,10156,4583,4844,3125,13229,4532,positive
9,PASS,3.3887453625612047,156,53,0.44161793372319685,0.0,True,True,0.0,False,0.0,0.182876555462249,0.4016936362874151,"{2: True, 3: True, 4: True, 5: True}",0.0,5,5.551115123125783e-17,4.0,0.1803704540320759,0.39480840543881335,0.39480840543881335,1.2135e-05,False,4,32,1.5080264400377714,5,8,2.7755575615628914e-17,F_HeterogeneousProduct,256,2.4385013334117382,105,53,0.3372952380952381,0.0,8,3.177e-06,4.531e-06,4.791e-06,1.6711069443220836e-16,0,1.3046804404255953e-16,3.925231146709438e-17,10260,4531,4791,3177,13125,4427,positive
9,PASS,3.373205282740793,105,53,0.45405564263322884,0.0,True,True,0.0,False,0.0,0.18523618282654428,0.39739066218101254,"{2: True, 3: True, 4: True, 5: True}",0.0,5,6.206335383118183e-17,4.0,0.18486143980456524,0.4025434294738592,0.4025434294738592,1.2031e-05,False,4,32,1.54976,5,8,1.1102230246251565e-16,F_HeterogeneousProduct,256,2.3103453259275692,105,104,0.33198600855033034,0.0,8,3.125e-06,4.635e-06,4.843e-06,1.6184142622847341e-16,1,1.8926779167518858e-16,5.721958498152797e-17,10208,4635,4843,3125,12865,4271,positive
9,PASS,2.745301093730539,105,53,0.4433887569279493,0.0,True,True,0.0,False,0.0,0.18053333333333332,0.38720483699648667,"{2: True, 3: True, 4: True, 5: True}",0.0,5,8.441528768080323e-17,4.0,0.18125836680053548,0.3921714664018537,0.3921714664018537,1.2084e-05,False,4,32,1.51648,5,8,0.0,F_HeterogeneousProduct,64,3.694996834455978,105,104,0.3467791886032828,0.0,8,3.125e-06,4.48e-06,4.739e-06,5.618469141565346e-17,2,0.0,0.0,10104,4480,4739,3125,12916,4479,positive
9,PASS,2.621817254174233,104,104,0.4584,0.0,True,True,0.0,False,0.0,0.18397910986521254,0.398188164893617,"{2: True, 3: True, 4: True, 5: True}",0.0,5,5.721958498152797e-17,4.0,0.1858273213870142,0.38324934005279576,0.38324934005279576,1.2501e-05,False,4,32,1.585898709036743,5,8,4.163336342344337e-17,G_ForwardReverse,256,6.136611681860082,157,416,0.38366899145834965,0.0,8,3.021e-06,4.584e-06,4.791e-06,1.8041124150158794e-16,0,1.6595420514327886e-16,5.551115123125783e-17,10000,4584,4791,3021,12761,4896,positive
9,PASS,3.140743628346885,104,104,0.43650716304453757,0.0,True,True,0.0,False,0.0,0.1856436592189476,0.4043743217296936,"{2: True, 3: True, 4: True, 5: True}",0.0,5,5.575456304969596e-17,4.0,0.18416150249021024,0.402626548084116,0.402626548084116,1.2031e-05,False,4,32,1.5763097949886105,5,8,2.7755575615628914e-17,G_ForwardReverse,256,2.6311097268181314,208,104,0.3453620171177423,0.0,8,3.073e-06,4.479e-06,4.844e-06,1.4637612725888055e-16,1,1.395671015252306e-16,5.721958498152797e-17,10261,4479,4844,3073,12969,4479,positive
9,PASS,3.7684529205644584,104,52,0.4387305318836321,0.0,True,True,0.0,False,0.0,0.1821914683294046,0.4017774796679802,"{2: True, 3: True, 4: True, 5: True}",0.0,5,1.1123893155135927e-16,4.0,0.1847482458169481,0.4017774796679802,0.4017774796679802,1.1927e-05,False,4,32,1.5083412023921938,5,8,8.326672684688674e-17,G_ForwardReverse,256,3.604060014596073,104,104,0.34026449968132566,0.0,8,3.177e-06,4.479e-06,4.792e-06,1.6493562521320161e-16,2,1.3490751637495733e-16,2.8609792490763984e-17,10209,4479,4792,3177,12552,4271,positive
9,PASS,3.7528051802241174,105,52,0.4899146625290923,0.0,True,True,0.0,False,0.0,0.3823363324925648,0.7617190429760744,"{2: True, 3: True, 4: True, 5: True}",0.0,5,5.553824967135427e-17,8.0,0.3808595214880372,0.7587598057527083,0.7587598057527083,1.3385e-05,False,8,64,3.24992,6,8,1.6653345369377348e-16,A_Permutation,64,3.8711420387281046,156,104,0.39368055030614557,1.1102230246251565e-16,8,3.125e-06,5.052e-06,1.0156e-05,8.333897564733124e-17,0,2.0921944583923397e-16,5.553824967135427e-17,10312,5052,10156,3125,13229,5208,positive
9,PASS,3.1211880779794487,105,104,0.5024357627280542,0.0,True,True,0.0,False,0.0,0.37937990287635415,0.7646438789338955,"{2: True, 3: True, 4: True, 5: True}",0.0,5,3.925231146709438e-17,8.0,0.37789767441860467,0.7587598057527083,0.7587598057527083,1.3385e-05,False,8,64,3.196726471514007,6,8,4.163336342344337e-17,A_Permutation,64,2.382011528153262,104,104,0.37402675939224433,1.1102230246251565e-16,8,3.177e-06,5.26e-06,1.0156e-05,6.938893903907228e-17,1,1.9235885489506266e-16,3.925231146709438e-17,10469,5260,10156,3177,13229,4948,positive
9,PASS,3.5883844610274322,156,104,0.5025341130604288,0.0,True,True,0.0,False,0.0,0.3759627906976744,0.7578189454736368,"{2: True, 3: True, 4: True, 5: True}",0.0,5,5.594315114139762e-17,8.0,0.37815786518956546,0.7698285714285714,0.7698285714285714,1.3125e-05,False,8,64,3.23328,6,8,5.551115123125783e-17,A_Permutation,64,2.861106909638097,104,104,0.36328183590820456,1.1102230246251565e-16,8,3.125e-06,5.156e-06,1.0104e-05,8.391472671209643e-17,2,2.0834021724484053e-16,5.594315114139762e-17,10260,5156,10104,3125,13334,4844,positive
9,PASS,3.7031006801944146,105,157,0.5100316789862724,0.0,True,True,0.0,False,0.0,0.3787018101946527,0.7649353629618297,"{2: True, 3: True, 4: True, 5: True}",0.0,5,5.721958498152797e-17,8.0,0.37720191618573423,0.7618467164406522,0.7618467164406522,1.3126e-05,False,8,64,3.254149040026033,6,8,9.71445146547012e-17,B_DiagonalPhase,64,3.2575892626878655,105,103,0.36402734045004226,1.1102230246251565e-16,8,3.073e-06,5.313e-06,1e-05,1.0007415106216804e-16,0,2.813516127194823e-16,7.850462293418876e-17,10417,5313,10000,3073,13021,4740,positive
9,PASS,3.4977624204903015,156,104,0.4999505195447798,0.0,True,True,0.0,False,0.0,0.3841532963272755,0.7791486736582357,"{2: True, 3: True, 4: True, 5: True}",0.0,5,6.206335383118183e-17,8.0,0.3872006131442805,0.7791486736582357,0.7791486736582357,1.2968e-05,False,8,64,3.23328,6,8,5.551115123125783e-17,B_DiagonalPhase,64,2.873407052147717,155,103,0.37240575204041976,1.1102230246251565e-16,8,3.125e-06,5.052e-06,1.0104e-05,6.938893903907228e-17,1,1.867709991345386e-16,4.3885418357208765e-17,10105,5052,10104,3125,12865,4791,positive
9,PASS,3.0816945148527535,104,104,0.49495733126454616,0.0,True,True,0.0,False,0.0,0.3752404662215684,0.773260785075787,"{2: True, 3: True, 4: True, 5: True}",0.0,5,6.206335383118183e-17,8.0,0.3759779281151971,0.7701478671518155,0.7701478671518155,1.2917e-05,False,8,64,3.3506231054227014,6,8,4.163336342344337e-17,B_DiagonalPhase,64,4.143601366500881,105,104,0.36758233419335257,1.1102230246251565e-16,8,2.969e-06,5.104e-06,9.948e-06,8.777083671441753e-17,2,1.7032122529894138e-16,3.1031676915590914e-17,10312,5104,9948,2969,13178,4844,positive
9,PASS,3.1717678557728326,156,104,0.4999515175021817,0.0,True,True,0.0,False,0.0,0.3685599541021228,0.746051409104986,"{2: True, 3: True, 4: True, 5: True}",0.0,5,6.206335383118183e-17,8.0,0.36418609924789297,0.7400353275478074,0.7400353275478074,1.3021e-05,False,8,64,3.1356980149690856,6,8,5.551115123125783e-17,C_SparseLocal,128,3.013690314691278,53,104,0.3665570259313088,1.1102230246251565e-16,8,3.073e-06,5.156e-06,9.636e-06,7.850462293418876e-17,0,1.8672265669833738e-16,3.273069708340169e-17,10313,5156,9636,3073,13073,4792,positive
9,PASS,3.2576055157463824,104,53,0.4925971917088547,0.0,True,True,0.0,False,0.0,0.3837395348837209,0.7795751757502457,"{2: True, 3: True, 4: True, 5: True}",0.0,5,6.206335383118183e-17,8.0,0.3852302865040529,0.7856925186652446,0.7856925186652446,1.3126e-05,False,8,64,3.356003904978848,6,8,8.326672684688674e-17,C_SparseLocal,256,2.9541219761968343,156,52,0.37009600120946406,1.1102230246251565e-16,8,3.073e-06,5.157e-06,1.0313e-05,1.1102230246251565e-16,1,2.361773613501416e-16,5.721958498152797e-17,10469,5157,10313,3073,13229,4896,positive
9,PASS,3.5188916622664195,104,104,0.5076023391812865,0.0,True,True,0.0,False,0.0,0.3849142857142857,0.7668488160291439,"{2: True, 3: True, 4: True, 5: True}",0.0,5,8.582937747229195e-17,8.0,0.3818882757578048,0.7637765515156096,0.7637765515156096,1.3229e-05,False,8,64,3.3445878848063555,6,8,1.1102230246251565e-16,C_SparseLocal,256,4.178549624404482,209,156,0.3794490399939288,1.1102230246251565e-16,8,3.021e-06,5.208e-06,1.0104e-05,1.1775693440128314e-16,2,2.290097810096655e-16,5.584220101197091e-17,10260,5208,10104,3021,13177,5000,positive
9,PASS,2.9133158281836034,156,105,0.4949601612748392,0.0,True,True,0.0,False,0.0,0.3740126233039797,0.7480535187844887,"{2: True, 3: True, 4: True, 5: True}",0.0,5,5.647850449853784e-17,8.0,0.37109536130798365,0.7451246141103832,0.7451246141103832,1.3281e-05,False,8,64,3.2203058900097625,6,8,5.551115123125783e-17,D_TensorProductLocal,512,2.262163737850229,104,104,0.38339531000986565,1.1102230246251565e-16,8,3.073e-06,5.156e-06,9.896e-06,1.2412670766236366e-16,0,2.449341090327406e-16,5.647850449853784e-17,10417,5156,9896,3073,13177,5052,positive
9,PASS,5.49932120975065,105,155,0.4999520015359509,0.0,True,True,0.0,False,0.0,0.3797236430261852,0.7127095572431581,"{2: True, 3: True, 4: True, 5: True}",0.0,5,6.206335383118183e-17,8.0,0.37304533693328834,0.7519842769672689,0.7519842769672689,1.3229e-05,False,8,64,3.18336,6,8,5.551115123125783e-17,D_TensorProductLocal,512,2.671838974785092,104,104,0.37302857142857143,1.1102230246251565e-16,8,3.125e-06,5.208e-06,9.948e-06,1.6184142622847341e-16,1,3.0598329048216603e-16,5.640019284429067e-17,10417,5208,9948,3125,13125,4896,positive
9,PASS,4.039880733533907,156,104,0.48256758047569015,0.0,True,True,0.0,False,0.0,0.3823739788427512,0.7738666666666667,"{2: True, 3: True, 4: True, 5: True}",0.0,5,8.333897564733124e-17,8.0,0.38162690212286304,0.780047615390523,0.780047615390523,1.3021e-05,False,8,64,3.3621317444554784,6,8,5.551115123125783e-17,D_TensorProductLocal,512,5.933443419193273,156,104,0.3769904761904762,1.1102230246251565e-16,8,3.021e-06,5.052e-06,1.0157e-05,9.934984129320279e-17,2,1.774512738492776e-16,3.925231146709438e-17,10469,5052,10157,3021,13125,4948,positive
9,PASS,3.944409547239812,105,52,0.48775182067530504,0.0,True,True,0.0,False,0.0,0.3735524841240194,0.7529553497477599,"{2: True, 3: True, 4: True, 5: True}",0.0,5,5.551115123125783e-17,8.0,0.3713744568648568,0.7588980799878576,0.7588980799878576,1.3177e-05,False,8,64,3.2,6,8,8.326672684688674e-17,E_RandomUnitary,512,3.809530869801626,157,104,0.37002040970594907,1.1102230246251565e-16,8,3.125e-06,5.157e-06,1e-05,1.6883057536160646e-16,0,3.054020278291438e-16,8.326736211917383e-17,10573,5157,10000,3125,13229,4895,positive
9,PASS,2.6232405042137366,104,52,0.4924264351181862,0.0,True,True,0.0,False,0.0,0.37669164522984006,0.7667906200197313,"{2: True, 3: True, 4: True, 5: True}",0.0,5,6.958382176060062e-17,8.0,0.3788952638092024,0.7729498164014688,0.7729498164014688,1.3072e-05,False,8,64,3.23328,6,8,1.1102230246251565e-16,E_RandomUnitary,512,3.323454829249872,208,104,0.3675343401381195,1.1102230246251565e-16,8,3.125e-06,5.104e-06,1.0104e-05,1.8619006149354548e-16,1,2.332541980949956e-16,5.594315114139762e-17,10365,5104,10104,3125,13177,4843,positive
9,PASS,3.6748133084121233,155,105,0.5000960061443932,0.0,True,True,0.0,False,0.0,0.4341047774966513,0.8819260715095624,"{2: True, 3: True, 4: True, 5: True}",0.0,5,6.206335383118183e-17,8.0,0.4392365032753558,0.8784068664357777,0.8784068664357777,1.3282e-05,False,8,64,3.73344,6,8,2.7755575615628914e-17,E_RandomUnitary,512,2.695925164386608,104,104,0.3800015359803395,1.1102230246251565e-16,8,3.125e-06,5.209e-06,1.1667e-05,1.1775693440128314e-16,2,2.882878693795239e-16,5.419449386414209e-17,10416,5209,11667,3125,13021,4948,positive
9,PASS,3.1886169611075075,156,104,0.4925487199082919,0.0,True,True,0.0,False,0.0,0.3818188583761256,0.7726074843761765,"{2: True, 3: True, 4: True, 5: True}",0.0,5,1.1188630228279524e-16,8.0,0.3818046511627907,0.7695942398559964,0.7695942398559964,1.3333e-05,False,8,64,3.28352,6,8,1.249000902703301e-16,F_HeterogeneousProduct,512,5.799907169527322,209,104,0.38036440295136276,1.1102230246251565e-16,8,3.125e-06,5.156e-06,1.0261e-05,3.469446951953614e-16,0,3.053211879962122e-16,6.206335383118183e-17,10468,5156,10261,3125,13282,5052,positive
9,PASS,2.91665235893771,105,105,0.4925487199082919,0.0,True,True,0.0,False,0.0,0.39283809523809526,0.8015546055188496,"{2: True, 3: True, 4: True, 5: True}",0.0,5,8.326672684688674e-17,8.0,0.38822377832994504,0.7856761904761905,0.7856761904761905,1.3125e-05,False,8,64,3.3556784900748453,6,8,2.0816681711721685e-17,F_HeterogeneousProduct,256,2.7373316415668425,104,155,0.3760079870977652,1.1102230246251565e-16,8,3.073e-06,5.156e-06,1.0312e-05,1.3092278833360675e-16,1,2.06120734376529e-16,3.925231146709438e-17,10468,5156,10312,3073,13021,4896,positive
9,PASS,3.2449501219467414,104,105,0.49500998003992014,0.0,True,True,0.0,False,0.0,0.37691540818963926,0.76253081347576,"{2: True, 3: True, 4: True, 5: True}",0.0,5,8.777083671441753e-17,8.0,0.38056891473735227,0.7625877782758106,0.7625877782758106,1.3386e-05,False,8,64,3.3790135716650114,6,8,8.326672684688674e-17,F_HeterogeneousProduct,512,3.434504013578772,156,209,0.3882990738649198,1.1102230246251565e-16,8,3.021e-06,5.208e-06,1.0208e-05,1.1775693440128314e-16,2,2.6101680364049066e-16,6.206335383118183e-17,10521,5208,10208,3021,13281,5157,positive
9,PASS,4.800083774037962,105,416,0.5735308449468862,0.0,True,True,0.0,False,0.0,0.38929994308480365,0.7163303777141661,"{2: True, 3: True, 4: True, 5: True}",0.0,5,5.721958498152797e-17,8.0,0.3877697569825012,0.7378110168272688,0.7378110168272688,1.3906e-05,False,8,64,3.2832,6,8,1.1102230246251565e-16,G_ForwardReverse,512,3.1973501176033863,156,156,0.37451235370611186,1.1102230246251565e-16,8,3.125e-06,5.885e-06,1.026e-05,1.9329521701561158e-16,0,2.4057056101866756e-16,5.594315114139762e-17,10261,5885,10260,3125,13073,4896,positive
9,PASS,4.0915721032806855,104,104,0.4999524760003802,0.0,True,True,0.0,False,0.0,0.3886597164929123,0.7536906406806778,"{2: True, 3: True, 4: True, 5: True}",0.0,5,5.721958498152797e-17,8.0,0.39093206593489493,0.7834303424295109,0.7834303424295109,1.3229e-05,False,8,64,3.4306521019529956,6,8,1.1102230246251565e-16,G_ForwardReverse,512,3.4264244576027623,156,104,0.38152517541830516,1.1102230246251565e-16,8,3.021e-06,5.26e-06,1.0364e-05,1.4404538855628282e-16,1,2.394798167387101e-16,5.721958498152797e-17,10521,5260,10364,3021,12969,4948,positive
9,PASS,3.6132374035957158,156,155,0.5076998050682261,0.0,True,True,0.0,False,0.0,0.3827626010003848,0.7550091074681239,"{2: True, 3: True, 4: True, 5: True}",0.0,5,5.76648802964689e-17,8.0,0.3745199909645358,0.7489835868092155,0.7489835868092155,1.3282e-05,False,8,64,3.18336,6,8,8.326672684688674e-17,G_ForwardReverse,512,2.7037235280939953,156,104,0.375502769977992,1.1102230246251565e-16,8,3.125e-06,5.209e-06,9.948e-06,2.276126435504334e-16,2,2.3346052648394085e-16,5.003707553108402e-17,10260,5209,9948,3125,13177,4948,positive
9,PASS,4.322485052238403,157,208,0.7731526298806066,0.0,True,True,0.0,False,0.0,1.0474454930035795,1.5805548735575743,"{2: True, 3: True, 4: True, 5: True}",0.0,5,3.925231146709438e-17,8.0,0.9967793880837359,1.4999766997530173,1.4999766997530173,2.1459e-05,False,8,128,9.222922636103151,7,16,4.163336342344337e-17,A_Permutation,128,6.697689698931176,365,208,0.5110935023771791,1.1102230246251565e-16,16,3.49e-06,9.584e-06,3.2188e-05,5.887846720064157e-17,0,2.0984155368849507e-16,3.925231146709438e-17,12396,9584,32188,3490,16406,8385,positive
9,PASS,4.7882949624453115,261,208,0.7801980198019802,0.0,True,True,0.0,False,0.0,1.0564133820939998,1.559822008899555,"{2: True, 3: True, 4: True, 5: True}",0.0,5,5.721958498152797e-17,8.0,1.0471938775510203,1.5399575497309839,1.5399575497309839,2.0259e-05,False,8,128,9.0771021239453,7,16,8.326672684688674e-17,A_Permutation,128,4.506357289606927,208,207,0.5264586160108549,1.1102230246251565e-16,16,3.437e-06,9.062e-06,3.1198e-05,8.582937747229195e-17,1,2.1359388181461085e-16,5.721958498152797e-17,11615,9062,31198,3437,14740,7760,positive
9,PASS,3.341906097849404,105,209,0.7788002123517962,0.0,True,True,0.0,False,0.0,1.0753243178142529,1.5504068267513396,"{2: True, 3: True, 4: True, 5: True}",0.0,5,2.797157557069881e-17,8.0,1.0772147535332643,1.5748626719750038,1.5748626719750038,1.9843e-05,False,8,128,9.231905465288035,7,16,5.551115123125783e-17,A_Permutation,128,2.952600774747829,105,104,0.5345248900370034,1.1102230246251565e-16,16,3.385e-06,8.802e-06,3.125e-05,5.647850449853784e-17,2,1.7333568429156594e-16,2.797157557069881e-17,11302,8802,31250,3385,14323,7656,positive
9,PASS,3.2525772295570285,104,104,0.7850349901309887,0.0,True,True,0.0,False,0.0,1.2224498298729254,1.7697411409901986,"{2: True, 3: True, 4: True, 5: True}",0.0,5,5.594315114139762e-17,8.0,1.2158643552731543,1.7514301348057504,1.7514301348057504,2.0103e-05,False,8,128,10.091430209229005,7,16,2.7755575615628914e-17,B_DiagonalPhase,128,17.268653159445847,209,208,0.5490469873629826,1.1102230246251565e-16,16,3.489e-06,8.75e-06,3.5209e-05,5.928593550334434e-17,0,2.2807697053224086e-16,3.1031676915590914e-17,11146,8750,35209,3489,14323,7864,positive
9,PASS,4.65989002230131,156,156,0.7844812400915977,0.0,True,True,0.0,False,0.0,1.1596975398982508,1.68596757852077,"{2: True, 3: True, 4: True, 5: True}",0.0,5,6.206335383118183e-17,8.0,1.163874803287288,1.6683041756479022,1.6683041756479022,1.9949e-05,False,8,128,9.829001772002362,7,16,1.0408340855860843e-17,B_DiagonalPhase,128,3.0106115480613322,105,156,0.5525802959220498,1.1102230246251565e-16,16,3.386e-06,8.907e-06,3.3281e-05,5.928593550334434e-17,1,1.837827261720732e-16,3.1031676915590914e-17,11354,8907,33281,3386,13855,7656,positive
9,PASS,4.177923598152921,208,156,0.7926030791010441,0.0,True,True,0.0,False,0.0,1.0409278808376892,1.5038993089832182,"{2: True, 3: True, 4: True, 5: True}",0.0,5,3.925231146709438e-17,8.0,1.0299148188209843,1.492334819023363,1.492334819023363,2.0417e-05,False,8,128,8.477740678909294,7,16,8.326672684688674e-17,B_DiagonalPhase,128,3.289775723175125,156,208,0.5354711328976035,1.1102230246251565e-16,16,3.594e-06,8.958e-06,3.0469e-05,6.938893903907228e-17,2,1.8362300989049865e-16,3.1031676915590914e-17,11302,8958,30469,3594,14688,7865,positive
9,PASS,3.2874567740160714,156,209,0.804590679001571,0.0,True,True,0.0,False,0.0,1.0394329364806276,1.5104,"{2: True, 3: True, 4: True, 5: True}",0.0,5,9.020562075079397e-17,8.0,1.0393971716615629,1.4795513542636038,1.4795513542636038,2.0417e-05,False,8,128,9.060587882423516,7,16,5.551115123125783e-17,C_SparseLocal,2048,3.0238798414463646,209,209,0.5510475790063766,1.1102230246251565e-16,16,3.334e-06,9.219e-06,3.0208e-05,9.717935776160589e-17,0,3.353146889365329e-16,8.777083671441753e-17,11458,9219,30208,3334,14271,7864,positive
9,PASS,3.0499456261168523,104,156,0.7788002123517962,0.0,True,True,0.0,False,0.0,1.072980169574662,1.576414268801153,"{2: True, 3: True, 4: True, 5: True}",0.0,5,8.391472671209643e-17,8.0,1.065217391304348,1.5555950627317519,1.5555950627317519,1.9687e-05,False,8,128,9.047267355982274,7,16,2.7755575615628914e-17,C_SparseLocal,2048,3.12150514886565,105,208,0.5333143710445851,1.1102230246251565e-16,16,3.385e-06,8.802e-06,3.0625e-05,1.9107173916696979e-16,1,2.626910778963297e-16,4.166948782366562e-17,11302,8802,30625,3385,14063,7500,positive
9,PASS,3.275192961897017,208,208,0.7772929575006545,0.0,True,True,0.0,False,0.0,1.0574629438124785,1.5181372791606869,"{2: True, 3: True, 4: True, 5: True}",0.0,5,8.326672684688674e-17,8.0,1.053649321655504,1.5418677121029352,1.5418677121029352,1.9896e-05,False,8,128,9.062629246676513,7,16,6.938893903907228e-17,C_SparseLocal,2048,3.626677998969771,155,156,0.5328288136780884,1.1102230246251565e-16,16,3.385e-06,8.907e-06,3.0677e-05,2.0014830212433607e-16,2,3.3319337363124683e-16,5.721958498152797e-17,11459,8907,30677,3385,14271,7604,positive
9,PASS,3.091407784611622,260,104,0.7762581097667894,0.0,True,True,0.0,False,0.0,1.0560011109953824,1.5408308004052684,"{2: True, 3: True, 4: True, 5: True}",0.0,5,6.206335383118183e-17,8.0,1.0447207529023836,1.5089547055613435,1.5089547055613435,2.0157e-05,False,8,128,8.715186246418337,7,16,8.326672684688674e-17,D_TensorProductLocal,2048,3.9661784806353104,156,156,0.5495146996764665,1.1102230246251565e-16,16,3.49e-06,8.854e-06,3.0416e-05,9.309503074677274e-17,0,2.361550625858612e-16,4.3885418357208765e-17,11406,8854,30416,3490,14218,7813,positive
9,PASS,21.692704791549147,208,105,0.761022852773766,0.0,True,True,0.0,False,0.0,1.0557068495984006,1.5353185942748282,"{2: True, 3: True, 4: True, 5: True}",0.0,5,7.473417450352271e-17,8.0,1.017306670209939,1.5194740759116845,1.5194740759116845,2.0155e-05,False,8,128,9.047267355982274,7,16,2.7755575615628914e-17,D_TensorProductLocal,2048,3.3760883410794342,156,156,0.5226117206315226,1.1102230246251565e-16,16,3.385e-06,8.958e-06,3.0625e-05,6.397344083151129e-17,1,3.4922917741948595e-16,8.441528768080323e-17,11771,8958,30625,3385,14948,7812,positive
9,PASS,3.558458677712319,156,208,0.7897003409294814,0.0,True,True,0.0,False,0.0,1.0520854877628405,1.5143140659885885,"{2: True, 3: True, 4: True, 5: True}",0.0,5,8.777083671441753e-17,8.0,1.0615630760669195,1.5379692617787857,1.5379692617787857,1.9845e-05,False,8,128,9.013880685174247,7,16,2.7755575615628914e-17,D_TensorProductLocal,2048,3.9322468828214037,209,156,0.5385048174977143,1.1102230246251565e-16,16,3.386e-06,8.802e-06,3.0521e-05,5.815852873680767e-17,2,2.971573276177684e-16,6.206335383118183e-17,11146,8802,30521,3386,14219,7657,positive
9,PASS,3.700798629921952,208,156,0.7716314543701236,0.0,True,True,0.0,False,0.0,1.0599734692452698,1.5341552142279709,"{2: True, 3: True, 4: True, 5: True}",0.0,5,8.355534721610418e-17,8.0,1.0410395309767888,1.5182759137956898,1.5182759137956898,1.9999e-05,False,8,128,8.834448647075938,7,16,1.3877787807814457e-16,E_RandomUnitary,2048,4.067568753967691,208,208,0.541785938699993,1.1102230246251565e-16,16,3.437e-06,8.802e-06,3.0364e-05,1.7602315272916283e-16,0,2.709058285517426e-16,4.163336342344337e-17,11407,8802,30364,3437,14323,7760,positive
9,PASS,4.549242651077125,156,104,0.8018474913964861,0.0,True,True,0.0,False,0.0,1.0736536897563735,1.5301350534166498,"{2: True, 3: True, 4: True, 5: True}",0.0,5,5.647850449853784e-17,8.0,1.071645373050046,1.5341552142279709,1.5341552142279709,1.9792e-05,False,8,128,9.107378524295141,7,16,1.3877787807814457e-17,E_RandomUnitary,2048,2.8896505820973832,208,156,0.5447771887089841,1.1102230246251565e-16,16,3.334e-06,8.854e-06,3.0364e-05,1.716587549445839e-16,1,2.6694739664416436e-16,4.3885418357208765e-17,11042,8854,30364,3334,13958,7604,positive
9,PASS,3.433134075956394,105,156,0.766833132426382,0.0,True,True,0.0,False,0.0,1.0684609264192064,1.5523723361479695,"{2: True, 3: True, 4: True, 5: True}",0.0,5,1.1123893155135927e-16,8.0,1.064667356084109,1.556440233823826,1.556440233823826,1.9844e-05,False,8,128,8.98371146015125,7,16,2.7755575615628914e-17,E_RandomUnitary,2048,3.4443885469207887,208,156,0.5373262645078092,1.1102230246251565e-16,16,3.438e-06,8.906e-06,3.0886e-05,1.1443916996305594e-16,2,2.9799146318506e-16,5.611937690961183e-17,11614,8906,30886,3438,13958,7500,positive
9,PASS,3.5545408110764436,157,157,0.7982208913158358,0.0,True,True,0.0,False,0.0,1.1070806327967107,1.601118782442171,"{2: True, 3: True, 4: True, 5: True}",0.0,5,7.473417450352271e-17,8.0,1.0796547388452782,1.5641492713666798,1.5641492713666798,2.0312e-05,False,8,128,8.842471472307263,7,16,5.551115123125783e-17,F_HeterogeneousProduct,2048,3.9285543660917157,155,156,0.5287292817679557,1.1102230246251565e-16,16,3.593e-06,9.063e-06,3.1771e-05,2.2591401799415137e-16,0,3.7004469773060035e-16,9.309503074677274e-17,11354,9063,31771,3593,14480,7656,positive
9,PASS,4.090539520492175,156,52,0.7721021611001965,0.0,True,True,0.0,False,0.0,1.0529044916263752,1.5223910840932118,"{2: True, 3: True, 4: True, 5: True}",0.0,5,8.777083671441753e-17,8.0,1.0377788521306721,1.5144124168514412,1.5144124168514412,1.9844e-05,False,8,128,8.61335626253941,7,16,1.6653345369377348e-16,F_HeterogeneousProduct,2048,5.064962672770119,260,156,0.5401863919837433,1.1102230246251565e-16,16,3.489e-06,8.646e-06,3.0052e-05,1.8309346819176897e-16,1,2.8399193602336963e-16,5.898697549827395e-17,11198,8646,30052,3489,14271,7709,positive
9,PASS,3.707068870255979,155,208,0.7814593194605698,0.0,True,True,0.0,False,0.0,1.0620489103776891,1.539590634364366,"{2: True, 3: True, 4: True, 5: True}",0.0,5,8.441528768080323e-17,8.0,1.0487112956235944,1.5196771444327468,1.5196771444327468,1.9947e-05,False,8,128,8.819610125109106,7,16,1.1796119636642288e-16,F_HeterogeneousProduct,2048,4.29962873711248,313,208,0.5437600728750613,1.1102230246251565e-16,16,3.437e-06,8.75e-06,3.0313e-05,9.639819490876587e-17,2,4.0041686761453657e-16,8.326672684688674e-17,11197,8750,30313,3437,14271,7760,positive
9,PASS,3.981139226274181,105,105,0.7757738896366083,0.0,True,True,0.0,False,0.0,1.0656104640996047,1.5435939004002228,"{2: True, 3: True, 4: True, 5: True}",0.0,5,9.309503074677274e-17,8.0,1.059791304347826,1.5434375158299984,1.5434375158299984,1.9741e-05,False,8,128,8.862420011634672,7,16,4.163336342344337e-17,G_ForwardReverse,2048,3.2453293566112076,156,156,0.5404814004376368,1.1102230246251565e-16,16,3.438e-06,8.646e-06,3.0469e-05,1.0772060116306953e-16,0,2.907656393321347e-16,5.721958498152797e-17,11145,8646,30469,3438,14167,7657,positive
9,PASS,3.3851691117265332,104,104,0.7757042885340032,0.0,True,True,0.0,False,0.0,1.0436725432012568,1.5066270221236708,"{2: True, 3: True, 4: True, 5: True}",0.0,5,5.76648802964689e-17,8.0,1.04170877034043,1.5306164243293057,1.5306164243293057,1.9532e-05,False,8,128,8.829297105729474,7,16,1.6653345369377348e-16,G_ForwardReverse,2048,2.621031367793673,208,104,0.5293993082515706,1.1102230246251565e-16,16,3.386e-06,8.646e-06,2.9896e-05,8.326672684688674e-17,1,3.2037482574897677e-16,5.594315114139762e-17,11146,8646,29896,3386,14167,7500,positive
9,PASS,2.896963454418386,156,156,0.776190058735864,0.0,True,True,0.0,False,0.0,1.0396104568843458,1.5251025887836263,"{2: True, 3: True, 4: True, 5: True}",0.0,5,1.1188630228279524e-16,8.0,1.0340042591193241,1.5171093080683364,1.5171093080683364,1.9843e-05,False,8,128,8.758801280186209,7,16,5.551115123125783e-17,G_ForwardReverse,2048,3.4996553299574487,207,104,0.5292221443587947,1.1102230246251565e-16,16,3.437e-06,8.854e-06,3.0104e-05,2.2591401799415137e-16,2,3.4620013357076756e-16,5.594315114139762e-17,11407,8854,30104,3437,14270,7552,positive
9,PASS,8.899609919229835,625,417,1.0728332685581035,0.0,True,True,0.0,False,0.0,3.2357221474868534,3.5966152382246994,"{2: True, 3: True, 4: True, 5: True}",0.0,5,0.0,16.0,3.3586366665608836,3.7147771147771147,3.7147771147771147,2.849e-05,False,16,256,30.783595113438047,8,16,0.0,A_Permutation,256,5.2389843053228615,365,261,0.7397422409258285,0.0,16,3.438e-06,1.3802e-05,0.000105834,0.0,0,0.0,0.0,12865,13802,105834,3438,15208,11250,positive
9,PASS,17.26250700973184,208,469,1.1304783370899074,0.0,True,True,0.0,False,0.0,3.3966118102613745,3.8131135663829014,"{2: True, 3: True, 4: True, 5: True}",0.0,5,0.0,16.0,3.460597692080087,3.7494122675785424,3.7494122675785424,2.8074e-05,False,16,256,31.087123449497934,8,16,0.0,A_Permutation,256,4.247568192588917,312,312,0.7404996013818762,0.0,16,3.386e-06,1.3542e-05,0.000105261,0.0,1,0.0,0.0,11979,13542,105261,3386,15052,11146,positive
9,PASS,8.828045611279116,313,365,1.0633557481973588,0.0,True,True,0.0,False,0.0,3.4667520021005647,3.8483258643931944,"{2: True, 3: True, 4: True, 5: True}",0.0,5,0.0,16.0,3.3970668639243558,3.826438197362701,3.826438197362701,2.7604e-05,False,16,256,30.722803955788248,8,16,0.0,A_Permutation,256,3.4009287470467813,209,207,0.7210684430512017,0.0,16,3.438e-06,1.3125e-05,0.000105625,0.0,2,0.0,0.0,12343,13125,105625,3438,15312,11041,positive
9,PASS,4.237167406680847,156,260,1.0833684210526315,0.0,True,True,0.0,False,0.0,3.5360336664913206,3.889061652504068,"{2: True, 3: True, 4: True, 5: True}",0.0,5,0.0,16.0,3.5480486919803385,3.9557173857074552,3.9557173857074552,2.7189e-05,False,16,256,30.817191977077364,8,16,0.0,B_DiagonalPhase,256,6.401665474227814,521,208,0.7247792346802248,0.0,16,3.49e-06,1.2865e-05,0.000107552,1.3985787785349405e-17,0,0.0,0.0,11875,12865,107552,3490,14948,10834,positive
9,PASS,15.066670131753375,312,520,1.09957609508769,0.0,True,True,0.0,False,0.0,3.574576386990981,3.8119785784545885,"{2: True, 3: True, 4: True, 5: True}",0.0,5,0.0,16.0,3.51218447905478,3.7763461816082,3.7763461816082,2.7708e-05,False,16,256,29.541219649915302,8,16,0.0,B_DiagonalPhase,256,4.113484162967387,261,156,0.7691820803150714,0.0,16,3.542e-06,1.3229e-05,0.000104635,1.5515838457795457e-17,1,0.0,0.0,12031,13229,104635,3542,14219,10937,positive
9,PASS,3.1009316046255413,104,156,1.0848547184366162,0.0,True,True,0.0,False,0.0,3.543941792703877,3.937757317164458,"{2: True, 3: True, 4: True, 5: True}",0.0,5,0.0,16.0,3.5562804218496487,3.9221965404115715,3.9221965404115715,2.6824e-05,False,16,256,31.071766095688126,8,16,0.0,B_DiagonalPhase,256,2.9985906930558204,208,156,0.7419310439749501,0.0,16,3.386e-06,1.2657e-05,0.000105209,1.5515838457795457e-17,2,0.0,0.0,11667,12657,105209,3386,14531,10781,positive
9,PASS,3.9262015845501783,155,156,1.076194575979337,0.0,True,True,0.0,False,0.0,3.4833802439351294,3.860734578675679,"{2: True, 3: True, 4: True, 5: True}",0.0,5,4.2207643840401616e-17,16.0,3.4955615332885004,3.883231855365881,3.883231855365881,2.6771e-05,False,16,256,29.795930065921468,8,16,2.0816681711721685e-17,C_SparseLocal,1024,2.808658369224546,156,105,0.7366766876195682,0.0,16,3.489e-06,1.25e-05,0.000103958,8.355534721610419e-17,0,7.877398452815995e-17,1.4304896245381992e-17,11615,12500,103958,3489,14636,10782,positive
9,PASS,3.2590926615142557,105,364,1.0833684210526315,0.0,True,True,0.0,False,0.0,3.465250306915837,3.8030989183726938,"{2: True, 3: True, 4: True, 5: True}",0.0,5,2.964296775167217e-17,16.0,3.4048720010722424,3.773581402257873,3.773581402257873,2.6928e-05,False,16,256,30.01033668044891,8,16,0.0,C_SparseLocal,1024,3.1796918340376634,104,156,0.7321538778029212,0.0,16,3.386e-06,1.2865e-05,0.000101615,9.106885210113024e-17,1,0.0,0.0,11875,12865,101615,3386,14583,10677,positive
9,PASS,4.487502866111,261,468,1.07855466130114,0.0,True,True,0.0,False,0.0,3.5904305574301527,3.8186255158801363,"{2: True, 3: True, 4: True, 5: True}",0.0,5,4.185862945154402e-17,16.0,3.596619908737536,3.9438843587842847,3.9438843587842847,2.698e-05,False,16,256,31.425280567040755,8,16,6.245004513516506e-17,C_SparseLocal,1024,3.1632361500773647,156,157,0.7518043584892439,0.0,16,3.386e-06,1.2865e-05,0.000106406,4.2349997174859565e-17,2,1.1536318702847e-16,1.5515838457795457e-17,11928,12865,106406,3386,14271,10729,positive
9,PASS,3.286146336307221,156,208,1.0524021128531902,0.0,True,True,0.0,False,0.0,3.406590486314111,3.80851933004048,"{2: True, 3: True, 4: True, 5: True}",0.0,5,2.8609792490763984e-17,16.0,3.4184,3.845651929350883,3.845651929350883,2.6667e-05,False,16,256,30.28706438275251,8,16,4.163336342344337e-17,D_TensorProductLocal,4096,4.5222092796395925,312,157,0.730509974807653,0.0,16,3.386e-06,1.2552e-05,0.000102552,6.059128614320848e-17,0,2.1260803759001226e-16,2.8609792490763984e-17,11927,12552,102552,3386,14687,10729,positive
9,PASS,3.9532816914442943,105,260,1.102141820974486,0.0,True,True,0.0,False,0.0,3.434294445920808,3.84677779431463,"{2: True, 3: True, 4: True, 5: True}",0.0,5,2.7769124835677133e-17,16.0,3.458304064224787,3.802773384338103,3.802773384338103,2.7187e-05,False,16,256,30.08030258946756,8,16,2.7755575615628914e-17,D_TensorProductLocal,4096,4.53688115123505,208,208,0.735056652418753,0.0,16,3.437e-06,1.2916e-05,0.000103386,4.654751537338637e-17,1,1.7674238030929582e-16,1.962615573354719e-17,11719,12916,103386,3437,14739,10834,positive
9,PASS,5.583631296813316,261,259,1.0690225937267235,0.0,True,True,0.0,False,0.0,3.511991554778478,3.893179740354727,"{2: True, 3: True, 4: True, 5: True}",0.0,5,5.561946577567963e-17,16.0,3.4412658391517974,3.871236363636364,3.871236363636364,2.75e-05,False,16,256,31.450221565731166,8,16,5.551115123125783e-17,D_TensorProductLocal,4096,5.130907775742476,365,260,0.7239462115334885,0.0,16,3.385e-06,1.2917e-05,0.000106459,5.594315114139762e-17,2,2.1139840574783263e-16,2.8609792490763984e-17,12083,12917,106459,3385,15468,11198,positive
9,PASS,5.825074678178304,312,365,1.106372549019608,0.0,True,True,0.0,False,0.0,3.604426769240799,4.020836363636364,"{2: True, 3: True, 4: True, 5: True}",0.0,5,4.3885418357208765e-17,16.0,3.538336,3.881252413212117,3.881252413212117,2.8489e-05,False,16,256,32.171370381146346,8,16,3.469446951953614e-17,E_RandomUnitary,4096,4.325405413996144,469,313,0.7390997238810763,0.0,16,3.437e-06,1.3542e-05,0.000110573,8.092071311423671e-17,0,2.2049420408170656e-16,2.7769124835677133e-17,12240,13542,110573,3437,15573,11510,positive
9,PASS,15.997247288663077,156,313,1.091640814957659,0.0,True,True,0.0,False,0.0,3.7041306111411574,3.999963498320923,"{2: True, 3: True, 4: True, 5: True}",0.0,5,3.622208959480119e-17,16.0,3.6591091224789634,4.038586275521486,4.038586275521486,2.7134e-05,False,16,256,31.88332848414315,8,16,2.7755575615628914e-17,E_RandomUnitary,4096,2.400525680121476,104,104,0.7321036752605595,0.0,16,3.437e-06,1.302e-05,0.000109583,8.326672684688674e-17,1,2.929577668312558e-16,5.682377955034956e-17,11927,13020,109583,3437,14584,10677,positive
9,PASS,4.488729437898837,156,365,1.0969297132707434,0.0,True,True,0.0,False,0.0,3.678607775290047,3.9733978234582827,"{2: True, 3: True, 4: True, 5: True}",0.0,5,2.8609792490763984e-17,16.0,3.665427257977285,4.0191994069681245,4.0191994069681245,2.698e-05,False,16,256,32.0253987005316,8,16,2.0816681711721685e-17,E_RandomUnitary,4096,3.430217410662061,157,156,0.7391304347826086,0.0,16,3.386e-06,1.2969e-05,0.000108438,6.973502068242161e-17,2,1.757900674406856e-16,2.8609792490763984e-17,11823,12969,108438,3386,14375,10625,positive
9,PASS,3.203511367479987,157,364,1.0872809591682737,0.0,True,True,0.0,False,0.0,3.4372108393919367,3.796678225953641,"{2: True, 3: True, 4: True, 5: True}",0.0,5,3.469446951953614e-17,16.0,3.4974276202965804,3.825866254689914,3.825866254689914,2.7186e-05,False,16,256,30.726735598227474,8,16,2.7755575615628914e-17,F_HeterogeneousProduct,4096,3.6203752312136297,157,156,0.7508837596173841,0.0,16,3.385e-06,1.2968e-05,0.00010401,4.0460356557118353e-17,0,1.4355295331320574e-16,1.3985787785349405e-17,11927,12968,104010,3385,14427,10833,positive
9,PASS,4.458239345906852,105,468,1.1833654732958834,0.0,True,True,0.0,False,0.0,3.4796491940945415,3.8161393345216874,"{2: True, 3: True, 4: True, 5: True}",0.0,5,4.3885418357208765e-17,16.0,3.4433870589417954,3.6202571780870176,3.6202571780870176,2.8385e-05,False,16,256,30.357754800590843,8,16,8.326672684688674e-17,F_HeterogeneousProduct,4096,3.6838265378613557,156,260,0.7491569747436515,0.0,16,3.385e-06,1.4114e-05,0.000102761,8.121767085755589e-17,1,2.539119083555304e-16,2.969368287472575e-17,11927,14114,102761,3385,14531,10886,positive
9,PASS,3.0317598859529498,157,209,1.0886151231945624,0.0,True,True,0.0,False,0.0,3.4806974692991384,3.8031061195744837,"{2: True, 3: True, 4: True, 5: True}",0.0,5,4.3885418357208765e-17,16.0,3.5053124252673293,3.7955091924684643,3.7955091924684643,2.7033e-05,False,16,256,29.844095404304827,8,16,5.551115123125783e-17,F_HeterogeneousProduct,4096,3.409329235346183,157,156,0.7666927398136956,0.0,16,3.438e-06,1.2813e-05,0.000102604,7.943821393640659e-17,2,2.2983326717910813e-16,2.7755575615628914e-17,11770,12813,102604,3438,14063,10782,positive
9,PASS,3.902753634855319,157,521,1.1378221539511861,0.0,True,True,0.0,False,0.0,3.468056030064913,3.7481076690174646,"{2: True, 3: True, 4: True, 5: True}",0.0,5,3.469446951953614e-17,16.0,3.4495531314778947,3.6772323854374207,3.6772323854374207,2.7605e-05,False,16,256,29.979326639102187,8,16,8.326672684688674e-17,G_ForwardReverse,4096,3.9890714259912565,209,157,0.760036305243315,0.0,16,3.386e-06,1.3333e-05,0.00010151,1.0007415106216804e-16,0,2.244238786565822e-16,2.1103821920200808e-17,11718,13333,101510,3386,14323,10886,positive
9,PASS,2.9076529957983683,105,312,1.1339676009256878,0.0,True,True,0.0,False,0.0,3.5098911629817238,3.7793255942509676,"{2: True, 3: True, 4: True, 5: True}",0.0,5,4.163336342344337e-17,16.0,3.478815427931748,3.743183560243822,3.743183560243822,2.7397e-05,False,16,256,30.296011816838995,8,16,5.551115123125783e-17,G_ForwardReverse,4096,5.908510814062205,208,209,0.7473487211478478,0.0,16,3.385e-06,1.323e-05,0.000102552,5.928593550334434e-17,1,2.6450444717338954e-16,2.964296775167217e-17,11667,13230,102552,3385,14427,10782,positive
9,PASS,3.666529010365722,156,312,1.0748540979446841,0.0,True,True,0.0,False,0.0,3.5428687114080373,3.884285291506363,"{2: True, 3: True, 4: True, 5: True}",0.0,5,3.1031676915590914e-17,16.0,3.524554395622839,3.877113950225242,3.877113950225242,2.7082e-05,False,16,256,31.0192023633678,8,16,4.5102810375396984e-17,G_ForwardReverse,4096,6.6018150449181885,208,207,0.7535486525406295,0.0,16,3.385e-06,1.2708e-05,0.000105,9.934984129320279e-17,2,1.8888883622197972e-16,1.5515838457795457e-17,11823,12708,105000,3385,14583,10989,positive
9,PASS,3.556674755853258,207,209,2.4900963800561584,0.0,True,True,0.0,True,0.0,11.336793407546624,5.746489813864869,"{2: True, 3: True, 4: True, 5: True}",0.0,5,0.0,16.0,11.371646509469532,5.8996223235378205,11.371646509469532,3.4479e-05,False,16,512,84.57355478861088,9,32,0.0,A_Permutation,512,5.0422379108404,208,416,1.7407296291851675,0.0,32,4.636e-06,1.3177e-05,0.000392083,0.0,0,0.0,0.0,13177,32812,392083,4636,16666,29011,positive
9,PASS,4.089430119688081,208,261,2.514188772362739,0.0,True,True,0.0,True,0.0,11.76580003594321,5.9292528301886795,"{2: True, 3: True, 4: True, 5: True}",0.0,5,0.0,16.0,11.532294052022783,5.7704669986632,11.532294052022783,3.4062e-05,False,16,512,83.79116894197952,9,32,0.0,A_Permutation,512,7.364145655587572,416,990,1.8762038278678532,0.0,32,4.688e-06,1.2968e-05,0.000392813,0.0,1,0.0,0.0,12968,32604,392813,4688,16406,30781,positive
9,PASS,4.094484301775998,209,521,2.497972921288151,0.0,True,True,0.0,True,0.0,11.810740927868755,5.942370093457944,"{2: True, 3: True, 4: True, 5: True}",0.0,5,0.0,16.0,11.884562473832167,6.012588132054347,11.884562473832167,3.3438e-05,False,16,512,85.71958584987058,9,32,0.0,A_Permutation,512,4.78050199580952,208,208,1.8311399326085573,0.0,32,4.636e-06,1.3073e-05,0.000397396,0.0,2,0.0,0.0,13073,32656,397396,4636,15729,28802,positive
9,PASS,11.49017203541664,261,261,2.487980953843791,0.0,True,True,0.0,True,0.0,11.568728114428156,5.843058199313539,"{2: True, 3: True, 4: True, 5: True}",0.0,5,0.0,16.0,11.427319360984905,5.893674598615185,11.427319360984905,3.4115e-05,False,16,512,80.47956234516928,9,32,0.0,B_DiagonalPhase,512,6.627618250694439,261,261,1.7788307692307692,0.0,32,4.844e-06,1.3021e-05,0.000389843,2.7755575615628914e-17,0,0.0,0.0,13021,32396,389843,4844,16250,28906,positive
9,PASS,5.395393633287395,208,781,2.631480761756704,0.0,True,True,0.0,True,0.0,11.513143193178477,5.896485257356263,"{2: True, 3: True, 4: True, 5: True}",0.0,5,0.0,16.0,11.61939523427995,5.678267931204501,11.61939523427995,3.3699e-05,False,16,512,80.83443435177539,9,32,0.0,B_DiagonalPhase,512,6.144829488923382,312,989,1.892432770481551,0.0,32,4.844e-06,1.2865e-05,0.000391562,1.4304896245381992e-17,1,0.0,0.0,12865,33854,391562,4844,15990,30260,positive
9,PASS,5.30666855263837,521,781,2.4721627408993574,0.0,True,True,0.0,True,0.0,12.141192464556225,6.237599064940989,"{2: True, 3: True, 4: True, 5: True}",0.0,5,0.0,16.0,12.019803883868487,6.265463031899662,12.019803883868487,3.6407e-05,False,16,512,90.33959537572254,9,32,0.0,B_DiagonalPhase,512,7.80958396871782,678,990,1.7299037201617957,0.0,32,4.844e-06,1.401e-05,0.000437605,1.5515838457795457e-17,2,0.0,0.0,14010,34635,437605,4844,17553,30365,positive
9,PASS,3.381630065656225,209,260,2.5525704552493034,0.0,True,True,0.0,True,0.0,12.670057159607211,6.4381637547105175,"{2: True, 3: True, 4: True, 5: True}",0.0,5,3.6880726988814706e-17,16.0,12.866553551229385,6.483552582237089,12.866553551229385,3.3594e-05,False,16,512,90.20012520868113,9,32,4.163336342344337e-17,C_SparseLocal,4096,3.6814458656759226,313,209,1.8195895757270553,0.0,32,4.792e-06,1.2916e-05,0.000432239,4.3133263485776853e-17,0,1.9587221773763617e-16,2.8609792490763984e-17,12916,32969,432239,4792,15886,28906,positive
9,PASS,4.13961531652378,208,573,2.5586474931986007,0.0,True,True,0.0,True,0.0,11.789157891578915,5.969073730898928,"{2: True, 3: True, 4: True, 5: True}",0.0,5,4.163336342344337e-17,16.0,11.715350445696568,5.848782520688218,11.715350445696568,3.3543e-05,False,16,512,84.76445211389128,9,32,2.7755575615628914e-17,C_SparseLocal,8192,3.800490890836378,260,573,1.8473382371275402,0.0,32,4.636e-06,1.2865e-05,0.000392968,5.555348673506341e-17,1,2.0600343427899952e-16,2.1103821920200808e-17,12865,32917,392968,4636,16042,29635,positive
9,PASS,4.638589952470165,156,260,2.585796915167095,0.0,True,True,0.0,True,0.0,11.787266007631983,5.9448990725586475,"{2: True, 3: True, 4: True, 5: True}",0.0,5,4.163336342344337e-17,16.0,11.78691184424013,5.963515855401174,11.78691184424013,3.3282e-05,False,16,512,83.68003412969283,9,32,5.551115123125783e-17,C_SparseLocal,4096,4.102045906927766,208,312,1.790288616375573,0.0,32,4.688e-06,1.2448e-05,0.000392292,5.721958498152797e-17,2,1.8473087013295239e-16,2.797157557069881e-17,12448,32188,392292,4688,16146,28906,positive
9,PASS,17.385175333240504,208,313,2.582672167565852,0.0,True,True,0.0,True,0.0,11.595054095826894,5.870021216726605,"{2: True, 3: True, 4: True, 5: True}",0.0,5,3.538155541877298e-17,16.0,11.68465823998083,5.916224331948194,11.68465823998083,3.3386e-05,False,16,512,83.21331058020478,9,32,8.673617379884035e-17,D_TensorProductLocal,16384,4.460084065298048,260,209,1.7831489996271903,0.0,32,4.688e-06,1.2604e-05,0.000390104,4.654751537338637e-17,0,3.059591636889591e-16,5.639063075375462e-17,12604,32552,390104,4688,16094,28698,positive
9,PASS,3.560340956291422,207,468,2.536192614384145,0.0,True,True,0.0,True,0.0,11.685696286074279,5.902968676597615,"{2: True, 3: True, 4: True, 5: True}",0.0,5,4.291468873614597e-17,16.0,11.576990519214194,5.829295302515601,11.576990519214194,3.3647e-05,False,16,512,84.02308024158758,9,32,6.938893903907228e-17,D_TensorProductLocal,16384,4.920719244738748,417,624,1.8284453833726855,0.0,32,4.636e-06,1.2917e-05,0.000389531,4.8696008501999263e-17,1,3.2534918287464015e-16,3.538155541877298e-17,12917,32760,389531,4636,16094,29427,positive
9,PASS,4.4483989770328645,157,312,2.5508972651046156,0.0,True,True,0.0,True,0.0,12.005723996064752,6.1267001369237795,"{2: True, 3: True, 4: True, 5: True}",0.0,5,2.7809732887839817e-17,16.0,12.043423649739816,6.0786113207547166,12.043423649739816,3.3438e-05,False,16,512,84.95949367088608,9,32,8.326672684688674e-17,D_TensorProductLocal,16384,3.876968382798737,260,208,1.8170295538683567,0.0,32,4.74e-06,1.2761e-05,0.000402708,9.020562075079397e-17,2,2.117576743287412e-16,2.501853776554201e-17,12761,32552,402708,4740,15937,28958,positive
9,PASS,2.8742296232945113,105,313,2.5162589036853515,0.0,True,True,0.0,True,0.0,11.716362213728972,5.830807248764415,"{2: True, 3: True, 4: True, 5: True}",0.0,5,4.2207643840401616e-17,16.0,11.553639789892275,5.87187608403843,11.553639789892275,3.3697e-05,False,16,512,81.24436560934892,9,32,2.7755575615628914e-17,E_RandomUnitary,16384,3.738072905295336,156,260,1.814434924010257,0.0,32,4.792e-06,1.2916e-05,0.000389323,6.283435673255384e-17,0,3.909204260526745e-16,4.2207643840401616e-17,12916,32500,389323,4792,15989,29011,positive
9,PASS,3.9743798211984105,208,417,2.56795195954488,0.0,True,True,0.0,True,0.0,11.727645957857876,5.924451764418825,"{2: True, 3: True, 4: True, 5: True}",0.0,5,5.553824967135427e-17,16.0,11.618218792990012,5.6464928345106244,11.618218792990012,3.3438e-05,False,16,512,79.3484477124183,9,32,4.85722573273506e-17,E_RandomUnitary,16384,4.152004075307568,260,1042,1.976960846027949,0.0,32,4.896e-06,1.2656e-05,0.00038849,6.869154506741516e-17,1,2.8531059818820397e-16,2.8609792490763984e-17,12656,32500,388490,4896,15886,31406,positive
9,PASS,25.986631734396006,156,469,2.5424018655266227,0.0,True,True,0.0,True,0.0,11.732258942339673,5.922176434676435,"{2: True, 3: True, 4: True, 5: True}",0.0,5,4.252726876253798e-17,16.0,11.622266818426885,5.843073772343277,11.622266818426885,3.3386e-05,False,16,512,80.97266277128547,9,32,4.163336342344337e-17,E_RandomUnitary,16384,4.002046387509394,260,156,1.8378155000317884,0.0,32,4.792e-06,1.2865e-05,0.000388021,1.2436890634664275e-16,2,3.2104749520149915e-16,3.1986720415755645e-17,12865,32708,388021,4792,15729,28907,positive
9,PASS,3.6394576257632076,208,417,2.6,0.0,True,True,0.0,True,0.0,11.824306231742941,5.865658349559993,"{2: True, 3: True, 4: True, 5: True}",0.0,5,3.82033216616167e-17,16.0,11.78664806333222,5.879325213707542,11.78664806333222,3.2969e-05,False,16,512,83.82096635030199,9,32,1.3877787807814457e-17,F_HeterogeneousProduct,16384,4.215849476134789,260,312,1.8290279795364113,0.0,32,4.636e-06,1.25e-05,0.000388594,5.743611534694584e-17,0,2.797780292361966e-16,2.809234570782673e-17,12500,32500,388594,4636,15833,28959,positive
9,PASS,11.988099984613356,260,469,2.512232889439455,0.0,True,True,0.0,True,0.0,11.803761661149563,5.981715035151663,"{2: True, 3: True, 4: True, 5: True}",0.0,5,5.594315114139762e-17,16.0,11.693965774253176,5.9251499267360535,11.693965774253176,3.3542e-05,False,16,512,84.6072044866264,9,32,4.5102810375396984e-17,F_HeterogeneousProduct,16384,4.582551510922332,157,261,1.820825515947467,0.0,32,4.636e-06,1.2916e-05,0.000392239,5.003707553108402e-17,1,2.7870947359439407e-16,2.883244014823445e-17,12916,32448,392239,4636,15990,29115,positive
9,PASS,4.02025996477362,261,625,2.59338172168891,0.0,True,True,0.0,True,0.0,11.666225285142495,5.833112642571248,"{2: True, 3: True, 4: True, 5: True}",0.0,5,3.4867510341210807e-17,16.0,11.68415817710531,5.7876530307554495,11.68415817710531,3.3178e-05,False,16,512,83.6188524590164,9,32,3.469446951953614e-17,F_HeterogeneousProduct,16384,3.4488589473447155,156,417,1.851039481213046,0.0,32,4.636e-06,1.2813e-05,0.000387657,5.668832733709798e-17,2,2.384787645883614e-16,2.4532694666933986e-17,12813,33229,387657,4636,15729,29115,positive
9,PASS,14.453626395309952,260,312,2.5470219435736676,0.0,True,True,0.0,True,0.0,11.78931320754717,5.913311427749428,"{2: True, 3: True, 4: True, 5: True}",0.0,5,3.538155541877298e-17,16.0,11.789669122086705,5.86235832770397,11.789669122086705,3.3124e-05,False,16,512,84.25480043149946,9,32,3.469446951953614e-17,G_ForwardReverse,16384,4.887195619263912,208,209,1.8742450251128489,0.0,32,4.635e-06,1.276e-05,0.000390521,7.152448122690996e-17,0,3.4416347886071744e-16,3.479191088030031e-17,12760,32500,390521,4635,15729,29480,positive
9,PASS,3.8227932286183366,105,261,2.543578712555768,0.0,True,True,0.0,True,0.0,11.98298001211387,5.9167688488799834,"{2: True, 3: True, 4: True, 5: True}",0.0,5,4.177767360805209e-17,16.0,12.020475742017803,6.0149889027393515,12.020475742017803,3.2917e-05,False,16,512,84.40230375426621,9,32,5.898059818321144e-17,G_ForwardReverse,16384,4.4936862148623264,104,365,1.8604962684187025,0.0,32,4.688e-06,1.2552e-05,0.000395678,7.381697154800631e-17,1,2.8444307967302857e-16,4.177767360805209e-17,12552,31927,395678,4688,15677,29167,positive
9,PASS,2.8497178549944255,156,677,2.539973888334229,0.0,True,True,0.0,True,0.0,11.482053853186658,5.904275163408605,"{2: True, 3: True, 4: True, 5: True}",0.0,5,6.938893903907228e-17,16.0,11.571122867502824,5.826254826254826,11.571122867502824,3.3646e-05,False,16,512,83.99611650485437,9,32,4.163336342344337e-17,G_ForwardReverse,16384,3.6479222763511436,209,468,1.8207629768605378,0.0,32,4.635e-06,1.3021e-05,0.000389322,5.96906223549092e-17,2,2.75876941842916e-16,2.0888836804026045e-17,13021,33073,389322,4635,15990,29114,positive
9,PASS,13.483631960157384,417,677,4.186721991701245,0.0,False,True,8.333897564733124e-17,True,0.0,44.66161219799316,13.418416842105263,"{2: True, 3: True, 4: True, 5: True}",0.0,5,1.3904866443919908e-17,32.0,43.831132750178796,13.543185217923439,43.831132750178796,3.6354e-05,False,32,1024,325.45690359477123,10,32,2.42861286636753e-17,A_Permutation,1024,4.020600544972613,312,468,3.087708103718313,1.1102230246251565e-16,32,4.896e-06,1.4219e-05,0.001593437,2.2215299868541707e-17,0,1.749578493626529e-16,1.3904866443919908e-17,14219,59531,1593437,4896,17239,53229,positive
9,PASS,4.982806722074001,416,729,4.2453055770448,0.0,False,True,5.721958498152797e-17,True,0.0,44.115006353942206,13.447368421052632,"{2: True, 3: True, 4: True, 5: True}",0.0,5,1.734723475976807e-17,32.0,43.79919910035931,13.330508969789049,43.79919910035931,3.6459e-05,False,32,1024,333.2376878130217,10,32,6.938893903907228e-18,A_Permutation,1024,13.44310853340117,364,1041,3.1313044475011464,1.1102230246251565e-16,32,4.792e-06,1.4219e-05,0.001596875,3.7367087251761353e-17,1,2.1651058616111915e-16,1.734723475976807e-17,14219,60364,1596875,4792,17448,54635,positive
9,PASS,4.615072893442869,364,1197,4.406774711636736,0.0,False,True,6.206335383118183e-17,True,0.0,43.04691725256895,13.095169543113801,"{2: True, 3: True, 4: True, 5: True}",0.0,5,1.5515838457795457e-17,32.0,45.21216166321111,13.37597680867154,45.21216166321111,3.5209e-05,False,32,1024,332.1942821368948,10,32,1.734723475976807e-17,A_Permutation,1024,20.93964866696554,365,469,3.221125665410611,1.1102230246251565e-16,32,4.792e-06,1.3698e-05,0.001591875,2.501853776554201e-17,2,2.139502604027102e-16,1.5515838457795457e-17,13698,60364,1591875,4792,16719,53854,positive
9,PASS,5.140632747209135,157,677,4.3451040976973445,0.0,False,True,5.721958498152797e-17,True,0.0,46.2768,13.839701961856587,"{2: True, 3: True, 4: True, 5: True}",0.0,5,2.797157557069881e-17,32.0,46.20946620638498,13.839820218574566,46.20946620638498,3.5051e-05,False,32,1024,349.4472491909385,10,32,2.0816681711721685e-17,B_DiagonalPhase,1024,4.86409544218658,365,520,3.1702431195387266,1.1102230246251565e-16,32,4.635e-06,1.3593e-05,0.001619688,5.006713685883697e-17,0,2.1833409122059207e-16,1.734723475976807e-17,13593,59063,1619688,4635,16823,53333,positive
9,PASS,15.816625269697655,260,365,4.337134029718993,0.0,False,True,1.1188630228279524e-16,True,0.0,45.055319755020655,13.502710501378727,"{2: True, 3: True, 4: True, 5: True}",0.0,5,2.0816681711721685e-17,32.0,45.32516620816139,13.389773544973545,45.32516620816139,3.4896e-05,False,32,1024,330.1329576288875,10,32,3.469446951953614e-17,B_DiagonalPhase,1024,4.228249529856597,209,574,3.29325903942826,1.1102230246251565e-16,32,4.791e-06,1.3594e-05,0.001581667,2.1103821920200808e-17,1,2.161971990834306e-16,1.4304896245381992e-17,13594,58959,1581667,4791,16511,54375,positive
9,PASS,4.654783593622423,209,677,4.361468025402452,0.0,False,True,5.721958498152797e-17,True,0.0,46.31911252900232,13.763092355288217,"{2: True, 3: True, 4: True, 5: True}",0.0,5,2.7809732887839817e-17,32.0,45.629639153167055,13.61026554404145,45.629639153167055,3.5001e-05,False,32,1024,340.67470136518773,10,32,3.0357660829594124e-18,B_DiagonalPhase,1024,4.262239656565934,261,677,3.19557569614215,1.1102230246251565e-16,32,4.688e-06,1.3542e-05,0.001597083,2.797157557069881e-17,2,2.499079312151335e-16,1.962615573354719e-17,13542,59063,1597083,4688,16771,53593,positive
9,PASS,3.8656282446580765,260,729,4.5662216889155545,0.0,False,True,5.721958498152797e-17,True,0.0,44.9256,13.36446389868684,"{2: True, 3: True, 4: True, 5: True}",0.0,5,2.8609792490763984e-17,32.0,45.19288362601673,13.212190469788506,45.19288362601673,3.4793e-05,False,32,1024,328.12938230383975,10,32,4.163336342344337e-17,C_SparseLocal,4096,4.600856524337235,313,469,3.1999160016799664,1.1102230246251565e-16,32,4.792e-06,1.3334e-05,0.001572396,4.2349997174859565e-17,0,2.0851076715595584e-16,1.4821483875836085e-17,13334,60886,1572396,4792,16667,53333,positive
9,PASS,4.014522492410996,209,782,4.464950141390088,0.0,False,True,6.206335383118183e-17,True,0.0,45.2896624956951,13.562688003850319,"{2: True, 3: True, 4: True, 5: True}",0.0,5,4.5102810375396984e-17,32.0,45.0878,13.37123368920522,45.0878,3.5e-05,False,32,1024,336.6914870919565,10,32,2.7755575615628914e-17,C_SparseLocal,4096,5.144799990548178,365,364,3.160474074074074,1.1102230246251565e-16,32,4.687e-06,1.3438e-05,0.001578073,2.7755575615628914e-17,1,2.2189039137673671e-16,1.3877787807814457e-17,13438,60000,1578073,4687,16875,53333,positive
9,PASS,7.346812436728346,417,1563,4.237194310139444,0.0,False,True,6.206335383118183e-17,True,0.0,44.14898552344754,13.45065433770126,"{2: True, 3: True, 4: True, 5: True}",0.0,5,3.622208959480119e-17,32.0,42.36133755229004,13.09053017119939,42.36133755229004,3.7292e-05,False,32,1024,333.2782700421941,10,32,2.0816681711721685e-17,C_SparseLocal,4096,7.635058627311802,625,938,3.0342432033258575,1.1102230246251565e-16,32,4.74e-06,1.4271e-05,0.001579739,4.443059973708341e-17,2,2.1007171822957576e-16,1.4539632184201917e-17,14271,60469,1579739,4740,18281,55469,positive
9,PASS,4.03134782362693,208,313,4.4258606465161625,0.0,False,True,1.1102230246251565e-16,True,0.0,44.95372095022495,13.422459893048128,"{2: True, 3: True, 4: True, 5: True}",0.0,5,3.1031676915590914e-17,32.0,45.022098496154285,13.440399592182935,45.022098496154285,3.4844e-05,False,32,1024,342.22294938917975,10,32,2.7755575615628914e-17,D_TensorProductLocal,32768,5.040442562113475,312,260,3.1384769894251785,1.1102230246251565e-16,32,4.584e-06,1.3333e-05,0.00156875,4.443059973708341e-17,0,3.533157959121151e-16,2.9079264368403834e-17,13333,59010,1568750,4584,16927,53125,positive
9,PASS,3.879986576873456,157,521,4.339980725035214,0.0,False,True,6.206335383118183e-17,True,0.0,44.73976732940808,13.274560937117586,"{2: True, 3: True, 4: True, 5: True}",0.0,5,3.622208959480119e-17,32.0,44.941741192605505,13.536631754692461,44.941741192605505,3.4999e-05,False,32,1024,339.3562028047465,10,32,1.1102230246251565e-16,D_TensorProductLocal,32768,8.562548597042417,260,469,3.141925925925926,1.1102230246251565e-16,32,4.635e-06,1.3489e-05,0.001572916,2.6821680460091238e-17,1,3.9123735475272135e-16,3.4705309847724295e-17,13489,58542,1572916,4635,16875,53020,positive
9,PASS,3.701693252282429,209,521,4.3664077385314375,0.0,False,True,1.1188630228279524e-16,True,0.0,44.52061350723502,13.495753616425572,"{2: True, 3: True, 4: True, 5: True}",0.0,5,4.163336342344337e-17,32.0,45.04508254750375,13.543670390300388,45.04508254750375,3.5313e-05,False,32,1024,335.6566786241823,10,32,2.2551405187698492e-17,D_TensorProductLocal,32768,4.049225048825869,313,521,3.1382915879017013,1.1102230246251565e-16,32,4.739e-06,1.3646e-05,0.001590677,2.766054524161103e-17,2,3.6228021410897663e-16,2.3273757686693185e-17,13646,59584,1590677,4739,16928,53125,positive
9,PASS,6.2009563886932755,417,781,4.312902992103166,0.0,False,True,6.206335383118183e-17,True,0.0,44.65058245614035,13.181168067087622,"{2: True, 3: True, 4: True, 5: True}",0.0,5,2.964296775167217e-17,32.0,45.04508254750375,13.531803217326948,45.04508254750375,3.5313e-05,False,32,1024,335.6566786241823,10,32,2.42861286636753e-17,E_RandomUnitary,32768,4.897308002607565,313,313,3.1769721543139946,1.1102230246251565e-16,32,4.739e-06,1.3803e-05,0.001590677,5.811423675723991e-17,0,3.1797429854935607e-16,2.0888836804026045e-17,13803,59531,1590677,4739,16771,53281,positive
9,PASS,5.368655484196111,365,625,4.299272727272728,0.0,False,True,6.206335383118183e-17,True,0.0,45.267805057627506,13.544555629930267,"{2: True, 3: True, 4: True, 5: True}",0.0,5,4.2207643840401616e-17,32.0,45.13615315111814,13.61666496303111,45.13615315111814,3.5416e-05,False,32,1024,344.88500539374326,10,32,6.245004513516506e-17,E_RandomUnitary,32768,7.741723294078987,417,521,3.1499031178439316,1.1102230246251565e-16,32,4.635e-06,1.375e-05,0.001598542,5.380439989124555e-17,1,3.9976411817440617e-16,3.469446951953614e-17,13750,59115,1598542,4635,17031,53646,positive
9,PASS,5.502296124846667,573,1511,4.1626976049935545,0.0,False,True,1.1103585416259206e-16,True,0.0,45.552645614035086,13.878856038382922,"{2: True, 3: True, 4: True, 5: True}",0.0,5,2.525795506525166e-17,32.0,44.38523603741589,13.523328972258565,44.38523603741589,3.6562e-05,False,32,1024,346.1631825938567,10,32,4.163336342344337e-17,E_RandomUnitary,32768,4.209735291416926,208,574,3.1490516486723084,1.1102230246251565e-16,32,4.688e-06,1.4739e-05,0.001622813,7.351626287044711e-17,2,3.280537074393071e-16,2.501853776554201e-17,14739,61354,1622813,4688,17135,53959,positive
9,PASS,9.91697621439444,1719,3646,3.7261661041332372,0.0,False,True,5.928593550334434e-17,True,0.0,41.98839009287926,13.810391551423972,"{2: True, 3: True, 4: True, 5: True}",0.0,5,3.4867510341210807e-17,32.0,34.38605925532132,11.486759331990028,34.38605925532132,4.8907e-05,False,32,1024,296.2337502201867,10,32,7.632783294297951e-17,F_HeterogeneousProduct,32768,16.16488436230564,1511,6354,2.91708073299678,1.1102230246251565e-16,32,5.677e-06,1.8073e-05,0.001681719,6.700615033601575e-17,0,4.797349467036314e-16,4.177767360805209e-17,18073,67343,1681719,5677,25157,73385,positive
9,PASS,4.6577809599152715,417,781,4.222072104102965,0.0,False,True,5.721958498152797e-17,True,0.0,43.694959069366654,13.229324289068614,"{2: True, 3: True, 4: True, 5: True}",0.0,5,4.2207643840401616e-17,32.0,44.31670080568073,13.694455228289307,44.31670080568073,3.6615e-05,False,32,1024,338.6176961602671,10,32,4.5102810375396984e-17,F_HeterogeneousProduct,1024,10.24452723401525,1041,1302,3.0587274774774773,1.1102230246251565e-16,32,4.792e-06,1.4063e-05,0.001622656,3.4737810535209724e-17,1,2.3426360129354426e-16,2.0230178278559177e-17,14063,59375,1622656,4792,17760,54323,positive
9,PASS,3.229066677481034,157,676,4.486589465819947,0.0,False,True,5.551125711027526e-17,True,0.0,44.863159387407826,13.577044227583661,"{2: True, 3: True, 4: True, 5: True}",0.0,5,2.8609792490763984e-17,32.0,45.53468624064479,13.4446871440956,45.53468624064479,3.474e-05,False,32,1024,337.4306740614334,10,32,6.245004513516506e-17,F_HeterogeneousProduct,32768,4.688963022211779,209,313,3.1749565008699827,1.1102230246251565e-16,32,4.688e-06,1.3385e-05,0.001581875,4.7451901320043104e-17,2,3.5236483869498355e-16,2.525795506525166e-17,13385,60053,1581875,4688,16667,52917,positive
9,PASS,33.370211984941626,1094,1615,3.922017204837302,0.0,False,True,1.1123893155135927e-16,True,0.0,39.76959726930097,12.75766101437153,"{2: True, 3: True, 4: True, 5: True}",0.0,5,4.177767360805209e-17,32.0,41.244898962584195,13.495169839852641,41.244898962584195,4.0678e-05,False,32,1024,366.08335151647395,10,32,8.326672684688674e-17,G_ForwardReverse,32768,13.032969814922362,1251,1042,2.8336408517428815,1.1102230246251565e-16,32,4.583e-06,1.6042e-05,0.00167776,8.092071311423671e-17,0,4.3105888401168375e-16,3.029564307160424e-17,16042,62917,1677760,4583,20053,56823,positive
9,PASS,7.0086367417722935,833,2760,3.875233426704015,0.0,False,True,5.721958498152797e-17,True,0.0,47.7093409546143,14.529153152617015,"{2: True, 3: True, 4: True, 5: True}",0.0,5,3.4737810535209724e-17,32.0,45.61990516899073,15.006031224069577,45.61990516899073,4.2813e-05,False,32,1024,394.730194017785,10,32,6.938893903907228e-18,G_ForwardReverse,32768,31.13891922347949,625,1562,2.8367022046408414,1.1102230246251565e-16,32,4.948e-06,1.7136e-05,0.001953125,8.326672684688674e-17,1,3.406541227823526e-16,2.1942709178604383e-17,17136,66406,1953125,4948,20729,58802,positive
9,PASS,19.945237868867704,520,1875,4.36724149968582,0.0,False,True,1.1102230246251565e-16,True,0.0,55.50645478912532,16.249065214780416,"{2: True, 3: True, 4: True, 5: True}",0.0,5,3.1986720415755645e-17,32.0,49.76403226992962,14.420815894378558,49.76403226992962,4.0781e-05,False,32,1024,410.1509700889248,10,32,4.85722573273506e-17,G_ForwardReverse,32768,25.778205708764037,1823,9219,3.4044165504416553,1.1102230246251565e-16,32,4.948e-06,1.4323e-05,0.002029427,6.186036137678856e-17,2,3.5648580621128386e-16,2.1942709178604383e-17,14323,62552,2029427,4948,21510,73229,positive
9,PASS,32.84808707438543,2084,16457,10.822687179487179,0.0,False,True,5.721958498152797e-17,True,0.0,101.94858636450721,14.976019604059118,"{2: True, 3: True, 4: True, 5: True}",0.0,5,1.5515838457795457e-17,32.0,116.47760283931893,14.857772228947741,116.47760283931893,6.3959e-05,False,32,2048,737.3110649247823,11,64,6.938893903907228e-18,A_Permutation,2048,20.43082269647604,2812,23490,7.7170963364993215,1.1102230246251565e-16,64,1.0104e-05,2.4375e-05,0.007449791,2.3273757686693185e-17,0,1.9432006453793933e-16,1.5515838457795457e-17,24375,263803,7449791,10104,29480,227500,positive
9,PASS,24.068172480217633,1145,17395,11.623928822289862,0.0,False,True,5.553824967135427e-17,True,0.0,132.74849859271077,16.0068395283233,"{2: True, 3: True, 4: True, 5: True}",0.0,5,2.0816681711721685e-17,32.0,132.49671658883102,15.91546250384193,132.49671658883102,5.5887e-05,False,32,2048,714.4084901109503,11,64,3.8163916471489756e-17,A_Permutation,2048,27.02293444926907,1563,3125,8.55161997765548,1.1102230246251565e-16,64,1.0365e-05,2.1355e-05,0.007404844,2.7755575615628914e-17,1,2.343276200255826e-16,2.0816681711721685e-17,21355,248229,7404844,10365,24167,206667,positive
9,PASS,10.762385467895266,1666,6406,9.23308378407422,0.0,False,True,4.163336342344337e-17,True,0.0,108.64828508842858,15.435084993201796,"{2: True, 3: True, 4: True, 5: True}",0.0,5,1.5515838457795457e-17,32.0,105.81093850669339,14.858111042308343,105.81093850669339,6.9845e-05,False,32,2048,685.4354479688369,11,64,3.122502256758253e-17,A_Permutation,2048,22.4928476917678,4115,10260,7.347781416554293,1.1102230246251565e-16,64,1.0782e-05,2.7917e-05,0.007390365,2.3273757686693185e-17,2,2.2376484301217053e-16,1.5515838457795457e-17,27917,257760,7390365,10782,31146,228854,positive
9,PASS,27.007876291175677,2553,6147,9.159808714892403,0.0,False,True,4.163336342344337e-17,True,0.0,119.88134630732397,16.17637471420524,"{2: True, 3: True, 4: True, 5: True}",0.0,5,1.5515838457795457e-17,32.0,105.68672791481185,15.018100191307525,105.68672791481185,7.3907e-05,False,32,2048,746.1065049192855,11,64,5.551115123125783e-17,B_DiagonalPhase,2048,27.734857277163098,2969,20989,7.1425868932998275,1.1102230246251565e-16,64,1.0469e-05,2.8021e-05,0.007810989,2.135630605041629e-17,0,2.0886777081176357e-16,1.0971354589302191e-17,28021,256667,7810989,10469,35417,252969,positive
9,PASS,21.028642058215844,2135,8073,9.860645423178404,0.0,False,True,5.594315114139762e-17,True,0.0,95.76448364344384,14.37448685516977,"{2: True, 3: True, 4: True, 5: True}",0.0,5,2.0230178278559177e-17,32.0,110.71095508549111,15.914609346707609,110.71095508549111,6.7083e-05,False,32,2048,688.8807160745756,11,64,1.3877787807814457e-17,B_DiagonalPhase,2048,26.277604227560953,1771,2240,6.725266049831054,1.1102230246251565e-16,64,1.0781e-05,2.4635e-05,0.007426823,2.1942709178604383e-17,1,2.1958217879072133e-16,1.393864076242399e-17,24635,242917,7426823,10781,31667,212969,positive
9,PASS,115.79260159659238,6250,16354,7.624729725833886,0.0,False,True,5.721958498152797e-17,True,0.0,111.36532398825551,17.001456262548647,"{2: True, 3: True, 4: True, 5: True}",0.0,5,1.734723475976807e-17,32.0,100.91189632553977,16.45447602901987,100.91189632553977,8.1563e-05,False,32,2048,767.0714818266542,11,64,1.3877787807814457e-17,B_DiagonalPhase,2048,91.70797156468798,4531,12448,6.224755159630388,1.1102230246251565e-16,64,1.073e-05,3.4687e-05,0.008230677,2.1457344368072987e-17,2,2.447528231385463e-16,1.4304896245381992e-17,34687,264479,8230677,10730,36146,225000,positive
9,PASS,21.028650695916994,1874,2708,9.54894190073105,0.0,False,True,6.206335383118183e-17,True,0.0,112.34868191935557,15.525414507988852,"{2: True, 3: True, 4: True, 5: True}",0.0,5,3.4895523162043074e-17,32.0,112.88539305329459,15.75201309440155,112.88539305329459,6.5729e-05,False,32,2048,694.9371546314508,11,64,1.3877787807814457e-17,C_SparseLocal,8192,20.108982650638694,2239,2761,7.301183676278302,1.1102230246251565e-16,64,1.0677e-05,2.599e-05,0.007419844,1.5515838457795457e-17,0,2.1694384272737193e-16,1.1636878843346593e-17,25990,248177,7419844,10677,29062,212187,positive
9,PASS,62.860408020798005,3178,8645,9.300638802701222,0.0,False,True,5.551115123125783e-17,True,0.0,95.88847735605985,15.049137398079996,"{2: True, 3: True, 4: True, 5: True}",0.0,5,3.538155541877298e-17,32.0,112.25669620198094,16.020839197311126,112.25669620198094,6.8957e-05,False,32,2048,711.1515847496555,11,64,2.7755575615628914e-17,C_SparseLocal,32768,58.81407639483714,3854,10052,7.090002281839815,1.1102230246251565e-16,64,1.0885e-05,2.7395e-05,0.007740885,4.163336342344337e-17,1,3.0195465544008593e-16,2.1103821920200808e-17,27395,254791,7740885,10885,30677,217500,positive
9,PASS,43.484117563110445,3333,9480,8.238168321483384,0.0,False,True,5.721958498152797e-17,True,0.0,91.1803021937781,15.162747166473986,"{2: True, 3: True, 4: True, 5: True}",0.0,5,3.1031676915590914e-17,32.0,85.93608164218888,15.427768806800742,85.93608164218888,9.4167e-05,False,32,2048,746.9395421820195,11,64,1.3877787807814457e-17,C_SparseLocal,32768,325.21862741617525,12501,7656,4.876415204450843,1.1102230246251565e-16,64,1.0834e-05,3.1927e-05,0.008092343,3.273069708340169e-17,2,3.488973372418175e-16,1.7541305574877886e-17,31927,263020,8092343,10834,51406,250677,positive
9,PASS,31.375781604151534,1406,4167,9.633080221898728,0.0,False,True,5.594315114139762e-17,True,0.0,156.271803542134,20.262160619366266,"{2: True, 3: True, 4: True, 5: True}",0.0,5,5.051591013050332e-17,32.0,138.08690185637158,19.720366211999906,138.08690185637158,6.7605e-05,False,32,2048,900.662325132658,11,64,7.632783294297951e-17,D_TensorProductLocal,131072,26.188821483032513,1562,5260,6.855984665179273,1.1102230246251565e-16,64,1.0365e-05,2.5417e-05,0.009335365,2.4532694666933986e-17,0,4.933390213086778e-16,3.273069708340169e-17,25417,244844,9335365,10365,31823,218178,positive
9,PASS,52.46358118808929,1875,3646,9.819615996086585,0.0,False,True,5.721958498152797e-17,True,0.0,135.16986142098483,18.530170956187227,"{2: True, 3: True, 4: True, 5: True}",0.0,5,4.860322466063819e-17,32.0,140.9384020576334,18.740433754046293,140.9384020576334,6.1041e-05,False,32,2048,838.5010721247563,11,64,1.3877787807814457e-17,D_TensorProductLocal,131072,74.57027555312867,1354,2291,7.920647619047619,1.1102230246251565e-16,64,1.026e-05,2.4531e-05,0.008603021,3.491063653003978e-17,1,5.029688783141671e-16,3.479191088030031e-17,24531,240885,8603021,10260,26250,207917,positive
9,PASS,21.542889973983222,1198,4739,10.358097297297297,0.0,False,True,5.594315114139762e-17,True,0.0,127.5232391701354,17.017638999885833,"{2: True, 3: True, 4: True, 5: True}",0.0,5,4.0049201387917773e-17,32.0,124.22453722253385,16.73443788106465,124.22453722253385,6.2395e-05,False,32,2048,740.446121513183,11,64,1.0408340855860843e-17,D_TensorProductLocal,131072,29.729339053621604,2864,5052,7.4014651760294425,1.1102230246251565e-16,64,1.0468e-05,2.3125e-05,0.00775099,5.43054346022841e-17,2,4.509083890795414e-16,2.7755575615628914e-17,23125,239531,7750990,10468,28802,213177,positive
9,PASS,96.68109013705933,17395,69999,7.992089498745584,0.0,False,True,5.551115123125783e-17,True,0.0,117.9441758903697,16.185133063032904,"{2: True, 3: True, 4: True, 5: True}",0.0,5,2.7097246932071044e-17,32.0,92.59642008441412,14.028951422225406,92.59642008441412,8.4583e-05,False,32,2048,729.991891136173,11,64,2.42861286636753e-17,E_RandomUnitary,131072,24.62388141196287,3176,15209,6.76488848011037,1.1102230246251565e-16,64,1.0729e-05,3.9062e-05,0.007832083,5.0144086751908305e-17,0,4.339569854102375e-16,2.1942709178604383e-17,39062,312187,7832083,10729,34792,235364,positive
9,PASS,25.35019656547756,937,7916,10.190031022050809,0.0,False,True,5.594315114139762e-17,True,0.0,120.60102014628512,16.32293080054274,"{2: True, 3: True, 4: True, 5: True}",0.0,5,3.172991335620494e-17,32.0,106.85506793246546,15.285895806861499,106.85506793246546,7.0364e-05,False,32,2048,740.3259157148484,11,64,3.469446951953614e-17,E_RandomUnitary,131072,48.902527315767,2136,9687,6.564504593717335,1.1102230246251565e-16,64,1.0156e-05,2.3854e-05,0.00751875,5.96906223549092e-17,1,4.1745776693028864e-16,3.127317220692751e-17,23854,243073,7518750,10156,36354,238646,positive
9,PASS,78.46235870879539,6823,9584,7.611367166611495,0.0,False,True,5.551115123125783e-17,True,0.0,23.32586799670718,3.3287350682354324,"{2: True, 3: True, 4: True, 5: True}",0.0,5,2.8200096422145334e-17,32.0,85.14311596204196,13.484521364261445,85.14311596204196,9.0521e-05,False,32,2048,606.4872521246459,11,64,2.7755575615628914e-17,E_RandomUnitary,131072,74.29177382092274,4896,7397,6.744538425613617,1.1102230246251565e-16,64,1.2708e-05,3.9271e-05,0.00770724,4.336808689942018e-17,2,4.504280117323147e-16,2.8609792490763984e-17,39271,298906,7707240,12708,38542,259948,positive
9,PASS,16.250514983340715,2344,2969,9.336414814814814,0.0,False,True,6.206335383118183e-17,True,0.0,100.52629628797916,14.509900621037483,"{2: True, 3: True, 4: True, 5: True}",0.0,5,4.166948782366562e-17,32.0,105.3302705882353,14.714872698405916,105.3302705882353,8.5e-05,False,32,2048,643.8280598302891,11,64,5.551115123125783e-17,F_HeterogeneousProduct,65536,20.12140486967054,2292,2448,7.482513924592974,1.1102230246251565e-16,64,1.3906e-05,3.375e-05,0.008953073,9.373929470220461e-17,0,4.1026657896241444e-16,2.778605206969998e-17,33750,315104,8953073,13906,37344,279427,positive
9,PASS,23.2276646992566,1770,5105,10.2691,0.0,False,True,5.721958498152797e-17,True,0.0,105.33780183280166,14.438416376663255,"{2: True, 3: True, 4: True, 5: True}",0.0,5,2.883244014823445e-17,32.0,116.9027937998064,14.718381996961654,116.9027937998064,7.5417e-05,False,32,2048,629.2975017844396,11,64,1.3877787807814457e-17,F_HeterogeneousProduct,131072,21.91905020458002,1146,1927,8.817365555449422,1.1102230246251565e-16,64,1.401e-05,3e-05,0.008816458,5.204170427930421e-17,1,4.735137771053879e-16,2.7921100505985453e-17,30000,308073,8816458,14010,31407,276927,positive
9,PASS,33.692695147699574,2083,4999,9.740627055470291,0.0,False,True,5.721958498152797e-17,True,0.0,101.22621935722373,14.240489377746574,"{2: True, 3: True, 4: True, 5: True}",0.0,5,3.3503075168007876e-17,32.0,103.85000296296296,14.437252646945426,103.85000296296296,8.4375e-05,False,32,2048,625.4349750178444,11,64,6.938893903907228e-18,F_HeterogeneousProduct,131072,19.727560893812598,1771,3542,7.334590769550966,1.1102230246251565e-16,64,1.401e-05,3.1927e-05,0.008762344,7.987266704438207e-17,2,4.0815521954318074e-16,2.0888836804026045e-17,31927,310989,8762344,14010,38438,281927,positive
9,PASS,15.68578579295238,1614,5937,10.645344436033309,0.0,False,True,5.721958498152797e-17,True,0.0,114.2547103351991,14.75307045253823,"{2: True, 3: True, 4: True, 5: True}",0.0,5,3.538155541877298e-17,32.0,114.18012390558599,14.802769314508367,114.18012390558599,7.8124e-05,False,32,2048,646.298217649616,11,64,4.85722573273506e-17,G_ForwardReverse,131072,18.123244708282545,2447,1718,7.924758933635848,1.1102230246251565e-16,64,1.3802e-05,2.9062e-05,0.008920208,5.93873657494515e-17,0,4.771342248550512e-16,3.576224061345498e-17,29062,309375,8920208,13802,35260,279427,positive
9,PASS,43.0443633790868,3490,5990,8.329716342839635,0.0,False,True,5.551115123125783e-17,True,0.0,85.56274369607704,14.088981680611589,"{2: True, 3: True, 4: True, 5: True}",0.0,5,3.9137145512868885e-17,32.0,80.75058031778022,13.82780689672173,80.75058031778022,0.000111146,False,32,2048,645.4123399971236,11,64,3.469446951953614e-17,G_ForwardReverse,131072,49.014533770261835,17605,22500,5.319270573244021,1.1102230246251565e-16,64,1.3906e-05,3.9167e-05,0.008975104,7.752098605923299e-17,1,5.287050502335736e-16,2.60930321732885e-17,39167,326250,8975104,13906,58073,308906,positive
9,PASS,29.289456017556528,1459,3177,9.633456372716275,0.0,False,True,3.1031676915590914e-17,True,0.0,94.01721383832864,14.219303013831007,"{2: True, 3: True, 4: True, 5: True}",0.0,5,4.3885418357208765e-17,32.0,105.57478846811975,14.717580383802325,105.57478846811975,8.4739e-05,False,32,2048,596.4201333333333,11,64,2.2551405187698492e-17,G_ForwardReverse,131072,23.16787156717872,2447,2187,7.527786666666667,1.1102230246251565e-16,64,1.5e-05,3.2239e-05,0.008946302,5.343962009278976e-17,2,4.8164033826654345e-16,4.163339871646788e-17,32239,310573,8946302,15000,37500,282292,positive
9,PASS,17.194149173802625,2447,10156,14.817602933018163,0.0,True,True,0.0,True,0.0,344.75372533531817,36.999942942007884,"{2: True, 3: True, 4: True, 5: True}",0.0,5,1.3985787785349405e-17,64.0,448.78041642773815,38.20669605318865,448.78041642773815,0.000101146,False,64,4096,3301.2613818181817,12,64,1.5612511283791264e-17,A_Permutation,4096,25.38677968085968,6146,5259,12.190608877375537,0.0,64,1.375e-05,4.1459e-05,0.045392344,2.1457344368072987e-17,0,2.3829648940392347e-16,1.3985787785349405e-17,41459,614323,45392344,13750,45937,560000,positive
9,PASS,12.286730469817922,2396,8230,14.46421889616464,0.0,True,True,0.0,True,0.0,364.24567272727273,29.677970578226397,"{2: True, 3: True, 4: True, 5: True}",0.0,5,1.0444418402013022e-17,64.0,357.2855643312102,29.567140917409528,357.2855643312102,9.8125e-05,False,64,4096,2588.882439816866,12,64,1.734723475976807e-17,A_Permutation,4096,11.826263954883197,1510,1771,13.239078975683237,0.0,64,1.3542e-05,4.276e-05,0.035058646,2.0816681711721685e-17,1,2.4401332633956124e-16,1.0444418402013022e-17,42760,618490,35058646,13542,41823,553698,positive
9,PASS,14.288895854881984,3749,10208,9.175214813828015,0.0,True,True,0.0,True,0.0,296.28010300008174,29.38387528616062,"{2: True, 3: True, 4: True, 5: True}",0.0,5,1.0417371955916405e-17,64.0,235.69465127621524,28.13498510052175,235.69465127621524,0.00012302,False,64,4096,2884.516116195782,12,64,8.673617379884035e-18,A_Permutation,4096,26.223693134994758,7292,21510,8.873138559225943,0.0,64,1.0052e-05,6.0052e-05,0.028995156,1.8111044797400594e-17,2,2.50395875577442e-16,1.0417371955916405e-17,60052,550990,28995156,10052,52916,469531,positive
9,PASS,92.84330762232597,25416,82656,7.061199556415992,0.0,True,True,0.0,True,0.0,192.18127827606412,28.019037598776546,"{2: True, 3: True, 4: True, 5: True}",0.0,5,1.1107649934270853e-17,64.0,156.6835368399306,26.209789489826555,156.6835368399306,0.000232343,False,64,4096,2657.6378303401957,12,64,6.938893903907228e-18,B_DiagonalPhase,4096,27.203177663607747,20938,47500,5.5587362681420895,0.0,64,1.3698e-05,0.000106406,0.036404323,1.4304896245381992e-17,0,2.2836069867600894e-16,8.673617379884035e-18,106406,751354,36404323,13698,112239,623907,positive
9,PASS,15.50975293961265,4584,11615,13.42608844556702,0.0,True,True,0.0,True,0.0,350.3268848677515,30.297603311257724,"{2: True, 3: True, 4: True, 5: True}",0.0,5,1.0551910960100404e-17,64.0,332.69220219796404,30.08088857005899,332.69220219796404,0.000108646,False,64,4096,2721.4031772323447,12,64,2.7755575615628914e-17,B_DiagonalPhase,4096,23.348236008502614,4375,4636,11.534226863462566,0.0,64,1.3282e-05,4.6718e-05,0.036145677,1.3877787807814457e-17,1,2.1585833565124644e-16,1.0444418402013022e-17,46718,627240,36145677,13282,48646,561094,positive
9,PASS,14.841920683336667,2656,13229,14.10832,0.0,True,True,0.0,True,0.0,330.9705332569346,29.44157356885617,"{2: True, 3: True, 4: True, 5: True}",0.0,5,1.0551910960100404e-17,64.0,346.7513531599976,29.720959578918954,346.7513531599976,0.000101614,False,64,4096,2632.4088158386253,12,64,3.469446951953614e-18,B_DiagonalPhase,4096,21.54004339989898,3646,3072,12.47546032959374,0.0,64,1.3385e-05,4.375e-05,0.035234792,1.0551910960100404e-17,2,2.1382325078787017e-16,7.757919228897728e-18,43750,617239,35234792,13385,44479,554896,positive
9,PASS,14.282074433969195,3542,8073,12.726956919684646,0.0,True,True,0.0,True,0.0,338.31276693105553,29.95264654048981,"{2: True, 3: True, 4: True, 5: True}",0.0,5,2.501853776554201e-17,64.0,302.6923916751962,29.985623863001685,302.6923916751962,0.00011724,False,64,4096,2580.9204363636363,12,64,3.122502256758253e-17,C_SparseLocal,65536,16.49841699224692,4843,2135,10.067596585885198,0.0,64,1.375e-05,4.8073e-05,0.035487656,3.825252106598444e-17,0,3.3950703436102253e-16,1.4046172853913364e-17,48073,611823,35487656,13750,55417,557916,positive
9,PASS,9.880507739960034,3178,7968,12.670659049173638,0.0,True,True,0.0,True,0.0,327.1565475477229,29.77176502363721,"{2: True, 3: True, 4: True, 5: True}",0.0,5,1.788112030672749e-17,64.0,317.5587456383645,29.723745806514287,317.5587456383645,0.00011177,False,64,4096,2581.348436363636,12,64,5.204170427930421e-18,C_SparseLocal,32768,10.333623630597986,3698,3177,11.413487043460519,0.0,64,1.375e-05,4.901e-05,0.035493541,4.628819572127218e-17,1,2.9893638343378653e-16,1.0551910960100404e-17,49010,620989,35493541,13750,49010,559375,positive
9,PASS,19.78720772734414,3959,15469,12.453248780487804,0.0,True,True,0.0,True,0.0,274.37150064792166,29.503919816096808,"{2: True, 3: True, 4: True, 5: True}",0.0,5,2.9079264368403834e-17,64.0,302.25711027579507,29.481143135854282,302.25711027579507,0.000118385,False,64,4096,2582.8430778114625,12,64,1.734723475976807e-17,C_SparseLocal,32768,16.879397289663792,4114,4062,10.541581426775023,0.0,64,1.3854e-05,5.125e-05,0.035782708,3.088587339835645e-17,2,3.0754136144446877e-16,1.4539632184201917e-17,51250,638229,35782708,13854,53281,561666,positive
9,PASS,9.615043259819908,1927,8542,14.618944114379559,0.0,True,True,0.0,True,0.0,341.03775932436633,30.25515726415394,"{2: True, 3: True, 4: True, 5: True}",0.0,5,2.1103821920200808e-17,64.0,369.3218091621754,30.75479022625542,369.3218091621754,9.7968e-05,False,64,4096,2611.6442182763103,12,64,5.898059818321144e-17,D_TensorProductLocal,262144,18.045464531250374,2239,6250,13.048890137679123,0.0,64,1.3854e-05,4.1406e-05,0.036181719,2.871805767347292e-17,0,5.217502702510725e-16,3.469446951953614e-17,41406,605312,36181719,13854,42708,557292,positive
9,PASS,20.3075633906515,6926,12500,13.010592957338519,0.0,True,True,0.0,True,0.0,316.8173200628976,29.38229591490081,"{2: True, 3: True, 4: True, 5: True}",0.0,5,2.4597773319047554e-17,64.0,321.9108091178954,29.498125418526204,321.9108091178954,0.000110157,False,64,4096,2598.6171039132346,12,64,2.688821387764051e-17,D_TensorProductLocal,262144,15.140372547547997,5521,3853,11.616227660501899,0.0,64,1.3646e-05,4.8334e-05,0.035460729,3.127317220692751e-17,1,4.398155348316227e-16,1.769077770938649e-17,48334,628854,35460729,13646,48177,559635,positive
9,PASS,88.18689534558803,9010,30886,8.845328813559322,0.0,True,True,0.0,True,0.0,356.37866046238565,49.79164223631166,"{2: True, 3: True, 4: True, 5: True}",0.0,5,2.797157557069881e-17,64.0,392.6186047347271,51.876647973608684,392.6186047347271,0.000166979,False,64,4096,4767.931781818182,12,64,1.3877787807814457e-17,D_TensorProductLocal,262144,76.19046616663147,14635,18802,7.519671863007838,0.0,64,1.375e-05,7.375e-05,0.065559062,2.964296775167217e-17,2,5.068422513172799e-16,2.1457344368072987e-17,73750,652343,65559062,13750,79479,597656,positive
9,PASS,10.732693653906209,3490,15417,12.69652905229615,0.0,True,True,0.0,True,0.0,324.03675158716504,29.856128159040576,"{2: True, 3: True, 4: True, 5: True}",0.0,5,2.2816724964204976e-17,64.0,309.72001627409736,29.655043629901733,309.72001627409736,0.000115521,False,64,4096,2652.27323943662,12,64,2.0816681711721685e-17,E_RandomUnitary,262144,23.893197820026476,3698,6407,10.743784319707139,0.0,64,1.349e-05,4.9583e-05,0.035779166,3.572014261108911e-17,0,4.364169172453677e-16,1.734723475976807e-17,49583,629532,35779166,13490,52448,563490,positive
9,PASS,69.16267176422998,54323,1343438,9.546055974764375,0.0,True,True,0.0,True,0.0,230.8355461599938,28.629741244934014,"{2: True, 3: True, 4: True, 5: True}",0.0,5,2.433351627685984e-17,64.0,123.83529436171206,13.884228574928583,123.83529436171206,0.000289219,False,64,4096,2604.7650909090908,12,64,3.9898639947466563e-17,E_RandomUnitary,262144,20.68184274079092,4949,13229,8.591895327102804,0.0,64,1.375e-05,0.000208594,0.03581552,4.876548053169907e-17,1,4.3503840009053427e-16,1.3775768871346168e-17,208594,1991250,35815520,13750,66875,574583,positive
9,PASS,18.190332346232076,3177,5833,11.663521723967033,0.0,True,True,0.0,True,0.0,266.88345645847323,28.73297293649512,"{2: True, 3: True, 4: True, 5: True}",0.0,5,2.4532694666933986e-17,64.0,269.50185369382405,29.261889645241524,269.50185369382405,0.000132708,False,64,4096,2630.943945858467,12,64,3.469446951953614e-18,E_RandomUnitary,262144,44.74944240228209,6301,9219,8.868708903844666,0.0,64,1.3594e-05,5.4479e-05,0.035765052,3.4794613689461916e-17,2,4.587341263566577e-16,1.5104302155597578e-17,54479,635417,35765052,13594,64635,573229,positive
9,PASS,26.634565312725748,3125,21146,13.239277133604931,0.0,True,True,0.0,True,0.0,329.4780695736487,29.891751777387366,"{2: True, 3: True, 4: True, 5: True}",0.0,5,2.797157557069881e-17,64.0,338.6758467006413,29.893016960067985,338.6758467006413,0.000106354,False,64,4096,2680.6229813202353,12,64,2.7755575615628914e-17,F_HeterogeneousProduct,262144,16.049566488619604,2551,2760,12.381536890704075,0.0,64,1.3437e-05,4.7865e-05,0.036019531,3.141717836627692e-17,0,4.317632837644669e-16,1.3877787807814457e-17,47865,633698,36019531,13437,45052,557813,positive
9,PASS,21.70652454566645,6562,14687,10.951053008840496,0.0,True,True,0.0,True,0.0,293.0551009408075,29.488658243451464,"{2: True, 3: True, 4: True, 5: True}",0.0,5,2.7755575615628914e-17,64.0,283.17782652956544,29.50381171634121,283.17782652956544,0.000126719,False,64,4096,2609.7462545454546,12,64,4.85722573273506e-17,F_HeterogeneousProduct,262144,20.54839698152777,4948,6667,10.314188505747126,0.0,64,1.375e-05,5.8594e-05,0.035884011,5.815852873680767e-17,1,4.278961253898267e-16,1.769077770938649e-17,58594,641666,35884011,13750,54375,560834,positive
9,PASS,12.015990132701457,5051,20468,9.478334581314195,0.0,True,True,0.0,True,0.0,258.9131717627366,28.980116493878793,"{2: True, 3: True, 4: True, 5: True}",0.0,5,3.127317220692751e-17,64.0,238.07286754971207,29.064265639057634,238.07286754971207,0.000153333,False,64,4096,2644.8650195623823,12,64,2.7755575615628914e-17,F_HeterogeneousProduct,262144,40.29041656718186,8021,10573,8.309847272727273,0.0,64,1.3802e-05,7.0781e-05,0.036504427,4.2349997174859565e-17,2,5.072216663120146e-16,2.7428386473255476e-17,70781,670886,36504427,13802,68750,571302,positive
9,PASS,19.650695653504233,5417,11771,11.925296551724138,0.0,True,True,0.0,True,0.0,229.0756972111554,28.5680613267807,"{2: True, 3: True, 4: True, 5: True}",0.0,5,2.0888836804026045e-17,64.0,305.7051347488771,29.428275219936666,305.7051347488771,0.000117552,False,64,4096,2674.226075308826,12,64,3.8163916471489756e-17,G_ForwardReverse,262144,20.36294215829869,4166,5365,11.244114276523453,0.0,64,1.3438e-05,5.4375e-05,0.03593625,4.7175628713614624e-17,0,4.845830663581342e-16,1.8297015907360072e-17,54375,648438,35936250,13438,49739,559271,positive
9,PASS,22.09201221020036,6042,17552,9.85981944100915,0.0,True,True,0.0,True,0.0,175.38378193708974,20.38459007614881,"{2: True, 3: True, 4: True, 5: True}",0.0,5,2.797157557069881e-17,64.0,266.0865895106293,29.362422907345007,266.0865895106293,0.000135051,False,64,4096,2633.5844631733235,12,64,4.163336342344337e-17,G_ForwardReverse,262144,21.712784215899617,5156,9584,10.091946119397722,0.0,64,1.3645e-05,6.4688e-05,0.03593526,6.128878941486474e-17,1,4.314649532751168e-16,1.474514954580286e-17,64688,637812,35935260,13645,56718,572395,positive
9,PASS,17.913813096389745,4322,13646,9.721056908122423,0.0,True,True,0.0,True,0.0,227.4146305881159,28.430300199667908,"{2: True, 3: True, 4: True, 5: True}",0.0,5,1.7433755170605403e-17,64.0,256.28707959541083,29.147776679359897,256.28707959541083,0.000139895,False,64,4096,2617.4099138560373,12,64,2.2551405187698492e-17,G_ForwardReverse,262144,23.248947003626302,8541,6770,9.546728267965651,0.0,64,1.3698e-05,6.6458e-05,0.035853281,4.244094136152033e-17,2,4.18756201192825e-16,1.5515838457795457e-17,66458,646042,35853281,13698,59739,570312,positive
,FAIL,,,,,,,,,False,0.7562883132292868,,,,,,,4.0,,,,,True,,16,,4,,,NEG_random_class_assignment,,,,,,,4,,,,0.2973889932681816,0,,0.5452629728950237,,,,,,,negative_control
,FAIL,,,,,,,,,False,0.6922303597693347,,,,,,,4.0,,,,,True,,16,,4,,,NEG_random_class_assignment,,,,,,,4,,,,0.5326878506787689,1,,0.6655325650165468,,,,,,,negative_control
,FAIL,,,,,,,,,False,0.538568820670512,,,,,,,8.0,,,,,True,,64,,6,,,NEG_random_class_assignment,,,,,,,8,,,,0.2276694902750262,0,,0.28881864583532224,,,,,,,negative_control
,FAIL,,,,,,,,,False,0.5602013463928223,,,,,,,8.0,,,,,True,,64,,6,,,NEG_random_class_assignment,,,,,,,8,,,,0.22746558430132613,1,,0.2532380309921787,,,,,,,negative_control
,FAIL,,,,,,,,,False,0.27774048515761957,,,,,,,16.0,,,,,True,,256,,8,,,NEG_random_class_assignment,,,,,,,16,,,,0.14366515410685135,0,,0.2037827601576977,,,,,,,negative_control
,FAIL,,,,,,,,,False,0.31345233356013175,,,,,,,16.0,,,,,True,,256,,8,,,NEG_random_class_assignment,,,,,,,16,,,,0.13831128120951186,1,,0.16834314323732197,,,,,,,negative_control
,FAIL,,,,,,,,,False,0.6993106563096175,,,,,,,4.0,,,,,True,,16,,4,,,NEG_broken_symmetry,,,,,,,4,,,,0.43891976912582803,0,,0.4751042879483315,,,,,,,negative_control
,FAIL,,,,,,,,,False,0.5211156710246516,,,,,,,4.0,,,,,True,,16,,4,,,NEG_broken_symmetry,,,,,,,4,,,,0.4423029627963064,1,,0.4416379399018706,,,,,,,negative_control
,FAIL,,,,,,,,,False,0.2734572926603656,,,,,,,8.0,,,,,True,,64,,6,,,NEG_broken_symmetry,,,,,,,8,,,,0.24050319466015804,0,,0.23368085741151604,,,,,,,negative_control
,FAIL,,,,,,,,,False,0.3465784610249094,,,,,,,8.0,,,,,True,,64,,6,,,NEG_broken_symmetry,,,,,,,8,,,,0.25012062700240734,1,,0.27149191877857093,,,,,,,negative_control
,FAIL,,,,,,,,,False,0.1661981640355687,,,,,,,16.0,,,,,True,,256,,8,,,NEG_broken_symmetry,,,,,,,16,,,,0.17314784314752596,0,,0.16842781513891442,,,,,,,negative_control
,FAIL,,,,,,,,,False,0.14996369765866782,,,,,,,16.0,,,,,True,,256,,8,,,NEG_broken_symmetry,,,,,,,16,,,,0.14244986701702175,1,,0.14425050549061777,,,,,,,negative_control
,FAIL,,,,,,,,,False,0.019064008857551672,,,,,,,4.0,,,,,True,,16,,4,,,NEG_altered_quotient_operator,,,,,,,4,,,,0.44108390672985526,0,,0.4612386492169797,,,,,,,negative_control
,FAIL,,,,,,,,,False,0.02463419169210458,,,,,,,4.0,,,,,True,,16,,4,,,NEG_altered_quotient_operator,,,,,,,4,,,,0.3382363791011773,1,,0.3896491676138132,,,,,,,negative_control
,FAIL,,,,,,,,,False,0.011145606703643118,,,,,,,8.0,,,,,True,,64,,6,,,NEG_altered_quotient_operator,,,,,,,8,,,,0.22391130772945633,0,,0.27156771224901666,,,,,,,negative_control
,FAIL,,,,,,,,,False,0.01153490363384747,,,,,,,8.0,,,,,True,,64,,6,,,NEG_altered_quotient_operator,,,,,,,8,,,,0.24660414902745376,1,,0.31895959382566946,,,,,,,negative_control
,FAIL,,,,,,,,,False,0.004926812800694505,,,,,,,16.0,,,,,True,,256,,8,,,NEG_altered_quotient_operator,,,,,,,16,,,,0.1521590384091589,0,,0.16081014245899614,,,,,,,negative_control
,FAIL,,,,,,,,,False,0.004492129778120968,,,,,,,16.0,,,,,True,,256,,8,,,NEG_altered_quotient_operator,,,,,,,16,,,,0.1396452413518197,1,,0.1633665847988696,,,,,,,negative_control
,FAIL,,,,,,,,,False,0.0,,,,,,,4.0,,,,,True,,16,,4,,,NEG_corrupted_reconstruction,,,,,,,4,,,,0.4261681255285887,0,,0.4054109880045713,,,,,,,negative_control
,FAIL,,,,,,,,,False,0.0,,,,,,,4.0,,,,,True,,16,,4,,,NEG_corrupted_reconstruction,,,,,,,4,,,,0.4167133575610606,1,,0.4258973553405195,,,,,,,negative_control
,FAIL,,,,,,,,,False,0.0,,,,,,,8.0,,,,,True,,64,,6,,,NEG_corrupted_reconstruction,,,,,,,8,,,,0.28962183240300093,0,,0.25833707906589587,,,,,,,negative_control
,FAIL,,,,,,,,,False,0.0,,,,,,,8.0,,,,,True,,64,,6,,,NEG_corrupted_reconstruction,,,,,,,8,,,,0.28891839860081986,1,,0.2420532298070523,,,,,,,negative_control
,FAIL,,,,,,,,,False,0.0,,,,,,,16.0,,,,,True,,256,,8,,,NEG_corrupted_reconstruction,,,,,,,16,,,,0.148075308136304,0,,0.15016583848557336,,,,,,,negative_control
,FAIL,,,,,,,,,False,0.0,,,,,,,16.0,,,,,True,,256,,8,,,NEG_corrupted_reconstruction,,,,,,,16,,,,0.15723356187589144,1,,0.13161468246223107,,,,,,,negative_control
