seed,operator_family,n,full_dimension,quotient_dimension,compression,number_of_quotient_classes,operator_nnz,closure_residual,state_max_error,state_L2_error,observable_error,reverse_error,reference_hash,quotient_hash,reconstruction_hash,reference_time,quotient_time,reconstruction_time,kernel_speedup,composed_speedup,end_to_end_speedup,PASS/FAIL,test_type,expected_fail,composition_max_depth,composition_max_closure_residual,composition_max_state_error,pi_r_identity_error,fiber_count,end_to_end_time
1,A_Permutation,2,4,2,2.0,2,4,0.0,1.1107649934270853e-16,1.79943594467851e-16,1.1102230246251565e-16,1.8619006149354548e-16,fa894d10c08eda70cefb170427a65cb0ca072196fe5b4011c8bd4c3868ff6140,6899858abf9a9b8e9bdc1b64029f7676a9c04645929bcc12363af0f8aa4b7f58,61f06f6ce3776684f058176b07f8b203c3a618038f51e0ba3b274a4db1c06cca,1.526e-05,1.4844e-05,1.4323e-05,1.028024791161412,0.3704262163248894,0.27212140232983184,PASS,positive,False,5,0.0,1.1107649934270853e-16,2.220446049250313e-16,2,5.4167e-05
2,A_Permutation,2,4,2,2.0,2,4,0.0,1.2412670766236366e-16,1.962615573354719e-16,1.1102230246251565e-16,1.8619006149354548e-16,91db7ac154566154a13f7e490caf36462393ab976665769f7d3f7538b7d265d6,4722d68aaa7c75b05c74cbc44ffd0f9aac33658af0a1b5ea8ae5856fbeb2eb0c,73e01fa005707221e7ee8b9dd466adc5864797d429ad6f19dbb6cf42b38c6306,6.406e-06,5.468e-06,5.312e-06,1.171543525969276,0.39482819695359544,0.2868687908580841,PASS,positive,False,5,0.0,1.2412670766236366e-16,2.220446049250313e-16,2,1.9427000000000002e-05
3,A_Permutation,2,4,2,2.0,2,4,0.0,1.1443916996305594e-16,1.9626155733547191e-16,2.220446049250313e-16,2.2887833992611187e-16,7ba62bc956523bcc3b877bbfd423f305db64d1e106ff56a045ce17a522dd4b80,6899858abf9a9b8e9bdc1b64029f7676a9c04645929bcc12363af0f8aa4b7f58,7131a7db1a15dcdbe85e5504ea87d421f9adb841fbe64714a0f0e1662bda5cc1,6.25e-06,5.677e-06,5.365e-06,1.1009335916857497,0.38973598757588596,0.28420673324410584,PASS,positive,False,5,0.0,1.1443916996305594e-16,2.220446049250313e-16,2,1.9426e-05
1,B_DiagonalPhase,2,4,2,2.0,2,4,0.0,2.2591401799415137e-16,3.289943204290352e-16,2.7755575615628914e-16,3.510833468576701e-16,06c1df975f74f86119732d591e37d6c96e9629450f004ca9a818c02c1d798624,e443464fe3142ebab3c1cb8a3ff1c58493833c21c333ab6ec3a8ce306d3d2e6f,53f93f36d5cc4858108d34c1e15a19d5190dbeac396979442bf03f4cb8268f1e,6.146e-06,5.416e-06,5.312e-06,1.1347858197932053,0.38973598757588596,0.2236399724551383,PASS,positive,False,5,0.0,1.5700924586837752e-16,2.220446049250313e-16,2,2.4687000000000003e-05
2,B_DiagonalPhase,2,4,2,2.0,2,4,0.0,6.206335383118183e-17,1.1775693440128312e-16,1.1102230246251565e-16,2.2887833992611187e-16,1bd54943b2b3c774a720afa3af79e6a3b277c34d14e9acc6d442658c3667948d,3dc487660ee7fb1ccf819c5dbd40c59852a0e97157aa41d0c8ac958b4b13c008,2202477790f7e2959a27253a88b49bbacb6d3c1ca2f4a3db1d4f2d5e7eb7fde4,5.052e-06,4.375e-06,4.271e-06,1.1547428571428573,0.3906947669226647,0.282823711940009,PASS,positive,False,5,0.0,1.1443916996305594e-16,2.220446049250313e-16,2,1.5469e-05
3,B_DiagonalPhase,2,4,2,2.0,2,4,0.0,1.2412670766236366e-16,2.0770370905276124e-16,1.1102230246251565e-16,2.9893669801409083e-16,1b840c09f82057f37907e765cb4c2e51691178775f7f6821729d2a503c3f4ff5,74f8e17c8b7b7e4ecb871f962d1b83f8da06dd2c64ee8bcc42d67823db6a1a5f,84ed8ba6d2f43ea5d7f8fe83ac9e76acae1b10205ba3c3f8c6fe0adcbb6f166b,5.416e-06,4.271e-06,4.375e-06,1.2680870990400375,0.3790442788250767,0.27577188058178104,PASS,positive,False,5,0.0,2.3714374201337736e-16,2.220446049250313e-16,2,1.5676e-05
1,C_SparseLocal,2,4,2,2.0,2,8,0.0,1.2412670766236366e-16,1.8094421531119206e-16,1.6653345369377348e-16,3.433175098891678e-16,f9eb59cfd6cb679244afce510f4ba218308a9f1c99bc8352b07522a3d9600b02,3d1de88dc008b94d135e8bcdcefeecb22f795c9ec9af823cb9f51efe0380eb8c,638cb803143a927309ec6c8c195b971d9a5bc3108873601c1cadc73f3f12e03d,4.948e-06,8.75e-06,4.375e-06,0.5654857142857144,0.3954778156996587,0.28986866791744836,PASS,positive,False,5,0.0,1.2412670766236366e-16,2.220446049250313e-16,2,1.599e-05
2,C_SparseLocal,2,4,2,2.0,2,8,0.0,1.1188630228279524e-16,1.9821445675202307e-16,3.3306690738754696e-16,2.220446049250313e-16,b4123b973e28c48e8a592f3bbafd04218a58599ee15a10df77ac7ad5b4679f0b,a06e25373337117e43c9a1b49617a9189a27cf81c9fe5f21c26efb7a4b25333e,8c14711c10c05ce514f018cf200af241c27d56fea2f238f1e98728ab8dae7a22,4.584e-06,4.375e-06,4.323e-06,1.0477714285714286,0.3944865245728377,0.28476063322525275,PASS,positive,False,5,0.0,2.2887833992611187e-16,2.220446049250313e-16,2,1.5728999999999998e-05
3,C_SparseLocal,2,4,2,2.0,2,8,0.0,1.7010907505015192e-16,2.978071086106445e-16,2.220446049250313e-16,2.220446049250313e-16,671bc83f8f5e6b5cfd82ad206f96e38cd4fd4d495a7bc6b951b5d51eb7cd196a,faa5453893416167bcaf25d5879b840dd5d353adfbc21cf74ba4df78970bb01e,70f219d2eb71cc986edd69a7bee0e4591c00dab7cc62814edf423cb84018a635,3.958e-06,3.49e-06,3.438e-06,1.1340974212034385,0.37923424914487475,0.2749380049596032,PASS,positive,False,5,0.0,1.7554167342883506e-16,2.220446049250313e-16,2,1.2501000000000001e-05
1,D_TensorProductLocal,2,4,2,2.0,2,8,0.0,7.850462293418876e-17,1.3738309013483034e-16,2.220446049250313e-16,3.554447978966673e-16,7e802985154d774e71712069efdb5dd7eda8915be9b408acbb0af2375b1087d5,f07f04c9c0a56ad2981354d58ffc0bcf8431c5bbf7600955a6ea0075cd84df2f,05c0fd6bb734d1831c5422bf6a38717cafcf0a01cf939029f006f2162d73d34b,4.271e-06,3.385e-06,3.49e-06,1.2617429837518463,0.3894842598794374,0.2225553358423168,PASS,positive,False,5,0.0,2.2887833992611187e-16,2.220446049250313e-16,2,1.5677e-05
2,D_TensorProductLocal,2,4,2,2.0,2,8,0.0,1.1443916996305594e-16,1.9626155733547191e-16,1.1102230246251565e-16,3.376611507232129e-16,d367749e220e2858b9151cd58e99e3eb956832342fda1f6794e42ea7eccee395,2fa56b5c349185e33a48fd98ce27e0029c1bea1bc06ffdc9426189b6c08a5366,ed3ac694caaf9fec97945b6fa8a3a5defd52d7b92ca337a4b2eee2608c691bc9,3.698e-06,3.489e-06,3.49e-06,1.059902550874176,0.4023394394173471,0.2904716379859783,PASS,positive,False,5,0.0,2.220446049250313e-16,2.220446049250313e-16,2,1.2552000000000001e-05
3,D_TensorProductLocal,2,4,2,2.0,2,8,0.0,1.0007415106216804e-16,1.5731560566382471e-16,2.220446049250313e-16,2.482534153247273e-16,861ecc2317e96995601c00ceea6967b0d4af3e35737ac77c670224bb914a9dd8,03eb6bfadb1162483042cb32e6b1704ded899168bc7bf322ce3c70187ed7d1ea,bb785b3ce3637e0ebd277dfb6ce203891d9c7207c52430a3c09e1d62155bdf1a,4.01e-06,3.542e-06,3.438e-06,1.132128740824393,0.36775902019198936,0.2677323479797574,PASS,positive,False,5,0.0,2.2887833992611187e-16,2.220446049250313e-16,2,1.2448999999999999e-05
1,E_RandomUnitary,2,4,2,2.0,2,8,0.0,1.2412670766236366e-16,1.7615773110749169e-16,1.3877787807814457e-16,3.34369918708632e-16,e11b83964740d134db16d252fcc07ad799b748a43ee91db94d186b580d9ee84b,d99ab5ccdf05b4a8e1537f76442df24a0c99c768faed4715b7383326a6a9f611,f36c96e85e0062824f2ce07da618ab8168109a3da002c22e3bc6a8f3b52ddd89,3.073e-06,2.552e-06,2.5e-06,1.204153605015674,0.39999999999999997,0.28735378503641584,PASS,positive,False,5,0.0,2.220446049250313e-16,2.220446049250313e-16,2,9.061999999999999e-06
2,E_RandomUnitary,2,4,2,2.0,2,8,0.0,1.5700924586837752e-16,2.925877407343182e-16,5.551115123125783e-16,2.897767167584095e-16,75a5927512c26ccca8fefd373bb833aa02c72d8de736c13949a8dad154aa1b78,4af09bf521c70f7d84e3e323cdecfd05b3071232ab9e531ddd93aa5426f17c13,1d3c6fb6e66e5972c6ce506f2c6bb14036624a5a35572eb417a1976f0463c8f5,2.865e-06,2.604e-06,2.552e-06,1.1002304147465438,0.4320380893871909,0.3121740095438908,PASS,positive,False,5,0.0,2.237726045655905e-16,2.220446049250313e-16,2,9.011e-06
3,E_RandomUnitary,2,4,2,2.0,2,8,0.0,1.1102230246251565e-16,1.761577311074917e-16,1.6653345369377348e-16,1.3877787807814457e-16,7658027d53c291512811e50795bffa9cace07b82f8c8e184cf1532a0be9e32a4,ba96854fccf7372181783c2282a2f91a6b944931719216ec8f5e266f68db6119,950b0c21d1430421e139dcfe2232ee3d330fdd6b7507074698ff46bca428d657,2.656e-06,2.5e-06,2.448e-06,1.0624,0.38705681994116736,0.28067811833389467,PASS,positive,False,5,0.0,2.2887833992611187e-16,2.220446049250313e-16,2,8.907000000000001e-06
1,F_HeterogeneousProduct,2,4,2,2.0,2,8,0.0,1.2412670766236366e-16,2.0770370905276122e-16,2.220446049250313e-16,1.2412670766236366e-16,fb211a573d3a374d27b8504ab5e22d42fdfebe7169ea655b752576ab16ea0a3f,be851aa4b9189eea1ab3b3d53ff3ce2faa0fb12053a784c9b7407cf24146f1de,d9aa615fb45c020e493c9fdd0475601fd65df4a0d0a338a6b3f769200bc13fdd,2.917e-06,2.448e-06,2.396e-06,1.1915849673202614,0.38711675441313104,0.27908015181960255,PASS,positive,False,5,0.0,1.1631705747361534e-16,2.220446049250313e-16,2,8.958000000000001e-06
2,F_HeterogeneousProduct,2,4,2,2.0,2,8,0.0,7.850462293418876e-17,1.3912439017329682e-16,1.1102230246251565e-16,2.267533093483919e-16,2dfbefb6fdc60d98b142393915c7c102c40231de20e17540cd39d17a93280e74,21e622fa9bf1cb6a7a26ae3df0acb5d446e9c63da66364a1202761a46654f8a6,b1d37696be5befaf3c4be68e13102349e62aadd3496938da2fd9366a8cb1cfbb,2.5e-06,2.448e-06,2.5e-06,1.0212418300653596,0.4079250499155275,0.296461658667262,PASS,positive,False,5,0.0,2.482534153247273e-16,2.220446049250313e-16,2,8.959e-06
3,F_HeterogeneousProduct,2,4,2,2.0,2,8,0.0,1.1102230246251565e-16,1.5823112613210484e-16,1.1102230246251565e-16,1.7554167342883506e-16,bc4a28c9522d2b3b418829dfee311a8b083098ebcc0b4471f3cb66d539c6b48e,3c1aff588239cba5ca1eabc8760b8cc7e365d9b1524c06c423c3b07e3ffab583,19f91139a0d083e17d2339d497f3d31f3610264e51dbbb3deac7384054b573f9,2.865e-06,2.448e-06,2.448e-06,1.170343137254902,0.3790647259213379,0.27648520442737745,PASS,positive,False,5,0.0,2.2887833992611187e-16,2.220446049250313e-16,2,8.854e-06
1,G_ForwardReverse,2,4,2,2.0,2,8,0.0,1.1443916996305594e-16,1.6420419976791492e-16,3.3306690738754696e-16,2.7755575615628914e-16,8d7b7229217dabe17315e95d16a5038ed72db395abaafe7a39afdde9de3f354f,ac1edb0a068d82bc0012aef327f316cb801276b55c2da2e6ad0a4384a6b3bb67,0c9308fdfe0c1b5cfa01363b5a6e72be884b7863d2ffc3c92f8247a2e4342320,2.969e-06,2.552e-06,2.5e-06,1.1634012539184952,0.4112091655054962,0.296461658667262,PASS,positive,False,5,0.0,1.5700924586837752e-16,2.220446049250313e-16,2,8.959e-06
2,G_ForwardReverse,2,4,2,2.0,2,8,0.0,1.2412670766236366e-16,1.9329521701561158e-16,2.220446049250313e-16,2.7755575615628914e-16,02d2ed54eb92de3e09294153dac57bfc67e8fef74795729dffd235e0e485a4c5,cfe70658bb8779882169056d87cc05eeb4b88baaf6e08e5cdc68cb952655e7e6,37315acdf2d4ace7540bc8757adef21ff88cbaa0f5856ed814b3849d5a0140e5,2.812e-06,2.5e-06,2.448e-06,1.1247999999999998,0.3999385655045307,0.2906574394463668,PASS,positive,False,5,0.0,1.2412670766236366e-16,2.220446049250313e-16,2,8.959e-06
3,G_ForwardReverse,2,4,2,2.0,2,8,0.0,2.220446049250313e-16,3.2487068343022366e-16,6.661338147750939e-16,3.342213888644167e-16,d5456605798bbf600db08032d278b6395ca1acb2547860c399544da63e53856a,e57b9b18ea49158256cda022c83eed39923881547e75b5379f62ca45b9ce9037,3f7ce39609c2e9e95d6f0a06290daf374058fb0576f17ebb149628f93c94def6,2.553e-06,2.396e-06,2.448e-06,1.065525876460768,0.3933910306845005,0.2839940929228672,PASS,positive,False,5,0.0,2.355138688025663e-16,2.220446049250313e-16,2,8.803e-06
1,A_Permutation,3,8,4,2.0,4,8,0.0,7.850462293418876e-17,1.9626539053158043e-16,3.3306690738754696e-16,1.3877787807814457e-16,e13288349417538622c5d4e6f00c0752656b4c089b32b90770cc228cdf514b04,7f3f236df043ac9e9a5948d1aa609feb15bbefa888f844aa5471165ddef2255b,aa18d16438b2a6c83084f51e5cc2da92a6840c149fae93536e8752c3a5776e06,3.177e-06,2.448e-06,2.5e-06,1.2977941176470587,0.3920122887864823,0.2832408435072142,PASS,positive,False,5,0.0,7.850462293418876e-17,2.220446049250313e-16,2,9.01e-06
2,A_Permutation,3,8,4,2.0,4,8,0.0,7.850462293418876e-17,1.66840361506057e-16,1.1102230246251565e-16,1.668583973270389e-16,824fd60718e79298e6adeba3288f97b8387319be26e0a081dddc65f8f74f9db1,9c316b45849566b959f0d315f7fe0c0a5379cf0a2c212c5477e6115249c8c101,3216496ba6fd38a130700ca02e59ec967aa5206bdf7fb4b81fd12540dd59f6b7,3.594e-06,2.709e-06,2.552e-06,1.3266888150609082,0.4030361660961453,0.29374118667968324,PASS,positive,False,5,0.0,7.850462293418876e-17,2.220446049250313e-16,2,9.219000000000001e-06
3,A_Permutation,3,8,4,2.0,4,8,0.0,1.1107649934270853e-16,1.884392033246789e-16,2.220446049250313e-16,2.2228841655759984e-16,d72b0f9fe0d6d47773ef712bcf80064544b17a81f15e6bc53bd42ef9a5caeeda,e820b98264046da6edc5e0c76c24b59118c35fa3b4cbdfc0c2b73676bc1dd2b1,937f7945a0eb95023d60b0b12b3baae7052df398da3ee5ba5ed1816d26ec7de3,2.709e-06,2.448e-06,2.448e-06,1.1066176470588234,0.4032832584791699,0.29072234006921965,PASS,positive,False,5,0.0,1.1107649934270853e-16,2.220446049250313e-16,2,8.956999999999999e-06
1,B_DiagonalPhase,3,8,4,2.0,4,8,0.0,1.1443916996305594e-16,2.1611062248624077e-16,1.3877787807814457e-16,1.1123893155135927e-16,7fc7ded1a5dcf58c4a72286d13343abcf25aa1ddfaa30d228393930f0426bcaf,b825b9108e40f96646a9eb3f795ebcf3259f17fd3cbe2f8dd11148b99a82493a,27a38be12536322e3d50e6a5604d14609bd152e6e490df630bbe0db6aaba8ee2,3.125e-06,2.552e-06,2.552e-06,1.2245297805642634,0.38396559668253727,0.2790490010045764,PASS,positive,False,5,0.0,1.1443916996305594e-16,2.220446049250313e-16,2,8.959e-06
2,B_DiagonalPhase,3,8,4,2.0,4,8,0.0,1.7554167342883506e-16,3.0022245318650416e-16,3.3306690738754696e-16,2.897767167584095e-16,0d2ea9a4bdf1784f4a8d966d3cca59ebeb170d5c96e0471d7fd2808aff3b012e,06c6082cf8c85ca2376ed03666a158e91eb7cf69f1d06077aa54002a2a0cf1af,65e5e1a0c6eb2ab55260cf860c3c2f4c03300e094ea3182d9be542b61116e0c0,2.552e-06,2.5e-06,2.448e-06,1.0208,0.4273107292150487,0.3080700971090523,PASS,positive,False,5,0.0,1.2412670766236366e-16,2.220446049250313e-16,2,8.959e-06
3,B_DiagonalPhase,3,8,4,2.0,4,8,0.0,1.1443916996305594e-16,2.558937633260452e-16,2.220446049250313e-16,1.7554167342883506e-16,8ca0eb5cf62a2be1c30daa778814bd8e342448dc95b96894c432648c484a46bb,64ae9aeeb1a019e4b2d274ec043318c88118e2042ba7fc411c3c4aa25354cff9,846df8a966bb82cf4312b697b56b1e70533fcd1b625af772f1c60d3a919374ee,2.761e-06,2.448e-06,2.5e-06,1.127859477124183,0.37597911227154046,0.2732447817836812,PASS,positive,False,5,0.0,1.1443916996305594e-16,2.220446049250313e-16,2,8.959e-06
1,C_SparseLocal,3,8,4,2.0,4,32,0.0,1.5700924586837752e-16,2.5210253502251575e-16,1.3877787807814457e-16,1.6883057536160646e-16,7df8e0c4fab5c8def331af23f4d8e865b816a402923c1122a5e35e11b6d2f3f7,cdc46aea93d290c2714e229e09cfd6c833485d037d714c8403967b041f23bd43,d9a07f0063866fcd7931e4139425192804a6e34e79888149b9228f9b31e8311c,2.76e-06,2.5e-06,2.5e-06,1.1039999999999999,0.3968302346845473,0.28901220865704774,PASS,positive,False,5,0.0,1.1443916996305594e-16,2.220446049250313e-16,2,9.01e-06
2,C_SparseLocal,3,8,4,2.0,4,32,0.0,1.2412670766236366e-16,2.64771316376407e-16,2.220446049250313e-16,3.348690356123522e-16,cd3c251c409342a1e93d57c25c3c1c0baf3424fd72e2861c7f08d3c316ae51e1,1f9859a651747700d158d1d719eff2af069bef7a7ef2580f331e98bd43881e32,c5eefba8a0408abd30bb768bf9ace0d51a2d76fe3e223ac23346f28d659fe2c8,2.656e-06,2.5e-06,2.5e-06,1.0624,0.4185146599196309,0.3050222366851068,PASS,positive,False,5,0.0,1.2412670766236366e-16,2.220446049250313e-16,2,9.219000000000001e-06
3,C_SparseLocal,3,8,4,2.0,4,16,0.0,1.1443916996305594e-16,1.96812768911187e-16,1.249000902703301e-16,1.1102230246251565e-16,04a38203d7673070a911b32c6048598bfa398d4bab091d3b25ffbe4c0ba0cb54,d8123b15f798853c9f7559edb366b661cdba5cc871b2e075d3f54f08d677b1ca,10d6c974b70bd022280c4f1627014d9625741be5e463c8a2fc186b4c1b82dd90,2.709e-06,2.5e-06,2.5e-06,1.0836,0.3889058213959158,0.28161553740896045,PASS,positive,False,5,0.0,1.6667795129466247e-16,2.220446049250313e-16,2,9.062e-06
1,D_TensorProductLocal,3,8,4,2.0,4,32,0.0,1.1443916996305594e-16,2.0325156163509841e-16,2.220446049250313e-16,1.2412670766236366e-16,2e2401541b5f84915a60ca4ee6231ff1d844685b3c8a00ddc32426a03ea75df9,0a33ede2dbc7b8790a8cef555cef9f4b20a029afaa41f87b8b5d5b6673a7936f,2742fb44cc4e77f34a85f111123ca9e0245eb267410612750d188d276f191507,2.968e-06,2.5e-06,2.5e-06,1.1871999999999998,0.39058047097645116,0.28406239773099157,PASS,positive,False,5,0.0,1.2412670766236366e-16,2.220446049250313e-16,2,9.167e-06
2,D_TensorProductLocal,3,8,4,2.0,4,32,0.0,6.938893903907228e-17,1.5608655866697344e-16,1.6653345369377348e-16,2.2473876566261383e-16,bff7e92631bdf9cd988185fe53c3c48a534c43d7b4b0ddfdee6e8f4cdde7e833,9675aa2bb37a7191b2eea3db898018997215511bfc43a2422c83e6e08fecc077,964079ea00b9af3602d522a20e488de5d4cac511101b6e6aaebe5dae5995ff3f,2.656e-06,2.5e-06,2.5e-06,1.0624,0.4112728398885104,0.29822591511340674,PASS,positive,False,5,0.0,1.6653345369377348e-16,2.220446049250313e-16,2,8.905999999999999e-06
3,D_TensorProductLocal,3,8,4,2.0,4,32,0.0,1.5700924586837752e-16,2.9699762869917904e-16,2.220446049250313e-16,3.7238012298709097e-16,5b2be6f8298c12e5e9c5d07bed9b1d40224b49931236ab5c7c01ec6d60ff52f9,1d53a5ce97f854d8107f1009fd43b226b1cca36f665e3b6b798283074b105e71,03f1cab393d067eca3e9876eb6152573347132e7834f274e63526973e33c0c21,3.125e-06,2.552e-06,2.604e-06,1.2245297805642634,0.38092335822032614,0.27584684982897495,PASS,positive,False,5,0.0,1.2412670766236366e-16,2.220446049250313e-16,2,9.063000000000001e-06
1,E_RandomUnitary,3,8,4,2.0,4,32,0.0,8.326672684688674e-17,1.7137803725070888e-16,1.6653345369377348e-16,2.0014830212433607e-16,abe20b33a21ef6674e7ba872882f343e1e5be7ecc5e98245e37c4c1f3ab44aa7,f8a4fc49a555ae92e239bb88d675b41185a7b6b4def6cbff98c1fbe51cff9c34,74341806e3cad0909580cb40444166d40cee3a0a91a959a7c35333afd841026e,3.281e-06,2.604e-06,2.552e-06,1.2599846390168972,0.3983800809959502,0.28810066167697146,PASS,positive,False,5,0.0,1.2412670766236366e-16,2.220446049250313e-16,2,9.219000000000001e-06
2,E_RandomUnitary,3,8,4,2.0,4,32,0.0,2.220446049250313e-16,3.624202287500099e-16,3.885780586188048e-16,2.5476231888929306e-16,db4b10bc279ca80ddc37a8de4eefc9823a6690ed33084c997e3016402011a77e,267ff3ae6a08490104daa8e5c443525ecc610b2501283638245ff71d1dcc44f0,87d7a70f43b23f6f5a2d2f1463b8b5d2c532f241a34a4975b6a12a0287308c15,2.969e-06,2.604e-06,2.552e-06,1.140168970814132,0.41419141914191415,0.29952267303102625,PASS,positive,False,5,0.0,1.2412670766236366e-16,2.220446049250313e-16,2,9.217999999999999e-06
3,E_RandomUnitary,3,8,4,2.0,4,32,0.0,1.716587549445839e-16,2.906063111176017e-16,1.3877787807814457e-16,2.618455766672135e-16,7ea98600c0963304dda7d7817ace1d552459921f5e46188d1cb433e3fb6c201f,cc643a1b82eac145f6de74e72127fc67d7aa5d69e4bf723ed4299ddc894fd910,724312b915911007f91a36ab4bafc2a3c8bfd33fe8460251d80bb87cfbf5b4d4,3.072e-06,2.604e-06,2.605e-06,1.1797235023041475,0.3953869047619048,0.28496353496353494,PASS,positive,False,5,0.0,1.5700924586837752e-16,2.220446049250313e-16,2,9.324000000000001e-06
1,F_HeterogeneousProduct,3,8,4,2.0,4,32,0.0,2.237726045655905e-16,4.069766273599779e-16,2.498001805406602e-16,2.665835984225005e-16,e6b8cef41c1d83349f1a3278d2c8e053ed5b41f3f71153687c41a57eec764f80,d9c64a5971fc5235e01b845efc74eccbfabfb43fa8401083e9ef2fdfc6e0d3ef,0380d5ade923fec84c49ee3fcd8e83b0fd6b0ce9352a0ad80d60bed65d07ce8e,3.333e-06,2.5e-06,2.5e-06,1.3332,0.38396559668253727,0.2790490010045764,PASS,positive,False,5,0.0,2.2887833992611187e-16,2.220446049250313e-16,2,8.959e-06
2,F_HeterogeneousProduct,3,8,4,2.0,4,32,0.0,6.206335383118183e-17,1.193812447098184e-16,2.7755575615628914e-17,2.2473876566261383e-16,163940d269f87b08fc2571d9104efcf026434e6578cfd4891f18a4b7b71019d1,237e074279894d73e6918c492902f1becb3d5dd3d94b7c58608784ddad9ab01b,50206dedb2b8f620a97818bc256d2563cb75f3f40a63c60a3cc918772859facb,2.656e-06,2.604e-06,2.552e-06,1.0199692780337941,0.3951076017959436,0.2865162231952396,PASS,positive,False,5,0.0,1.2412670766236366e-16,2.220446049250313e-16,2,8.907000000000001e-06
3,F_HeterogeneousProduct,3,8,4,2.0,4,32,0.0,1.2412670766236366e-16,2.194270917860438e-16,1.1102230246251565e-16,2.3714374201337736e-16,78869b71f0f08ebc1e3ef872eea7a00657dd89b65f6fe550e3d082d4330a2d81,d027785deef8f1db28609ec1cfe07d6d8e7dfb2ee42431d1d0d9123f529bb2f6,3f8598aa5afb988c443adc2058ffe691586a2d8cdfaeb00c8e5c9be9c65be712,2.969e-06,2.5e-06,2.5e-06,1.1875999999999998,0.38098140810728437,0.2774694783573807,PASS,positive,False,5,0.0,1.2412670766236366e-16,2.220446049250313e-16,2,9.01e-06
1,G_ForwardReverse,3,8,4,2.0,4,32,0.0,1.6653345369377348e-16,3.048378582405476e-16,1.6653345369377348e-16,3.1401849173675503e-16,ea4769c3b9602c4e99827827d7317fa32918dd10104a1399d43fcab3d8fd1dd3,69ddaeea54a809173299d11de79150717a95432306f9cd5e12482cd2442005af,a3db9194eacc335313d5399bb2e020e838bca194ed86bb4f3a49710247ecb8f3,3.386e-06,2.448e-06,2.448e-06,1.3831699346405228,0.40015360983102916,0.2891231964483907,PASS,positive,False,5,0.0,1.6711069443220836e-16,2.220446049250313e-16,2,9.01e-06
2,G_ForwardReverse,3,8,4,2.0,4,32,0.0,7.850462293418876e-17,1.764148529837405e-16,1.1102230246251565e-16,5.721958498152797e-16,be74598551799049a5c0e5be0140e9a999f43083321e90b533e42a715415b388,c5ccd13cd5b3e061944c7100fc5b5ce8fd13e351521df88df83055e4a22a0e6b,7d4342604676cb53ad6d3610c816acd28637755dd71450247c6f8c73fb06e5a5,2.709e-06,2.448e-06,2.5e-06,1.1066176470588234,0.4192599473602725,0.3058159232072276,PASS,positive,False,5,0.0,1.1857187100668868e-16,2.220446049250313e-16,2,8.854999999999999e-06
3,G_ForwardReverse,3,8,4,2.0,4,32,0.0,1.2412670766236366e-16,2.3633021048361527e-16,1.5265566588595902e-16,2.8066088919804617e-16,3c8c48d7a4ae623a6f193269ff2799445bef330eaf4cba9b8d7085dc9faba44c,5c263c04d5076945c9201a5df11e52ca82ca0d34d1ab49220c6b1133ed7d9316,736095a6c1e3562a7c459cabb56d066f4d964795e3a06ca1586d9e5c50a8e7d6,2.708e-06,2.552e-06,2.552e-06,1.0611285266457682,0.38884656407130885,0.2799780581459133,PASS,positive,False,5,0.0,1.3877787807814457e-16,2.220446049250313e-16,2,9.115e-06
1,A_Permutation,4,16,4,4.0,4,16,0.0,0.0,0.0,0.0,0.0,ec424c22375a637298632a34b5f7a76f1a3ced7fd1f039e0e5fe01e5f78ee44e,605b1785af977cfd020ede757d7f4381c23e7dec025d282346064a73043e0719,f06aa88c4a2fff6ab11c1e244f8bdf2640cee0bcd7744b2062c68f7dd85d0ac1,3.281e-06,2.5e-06,2.552e-06,1.3123999999999998,0.36920103092783507,0.27643766885372445,PASS,positive,False,5,0.0,0.0,0.0,4,1.0364e-05
2,A_Permutation,4,16,4,4.0,4,16,0.0,0.0,0.0,0.0,0.0,c66bd54f35643f02730ab8c34821837d819fc90fb56331fc293c43a2de35cde3,e5756130364e7546d007e3deb9aad5769aad79c5fdf4e25a66fa99cd1c35e216,e8711c6558421fb7bcea309fd05f946c3f25f22f7e1e50e3cf5942820b79fee7,3.021e-06,2.5e-06,2.552e-06,1.2084,0.4375281235938203,0.318206610668703,PASS,positive,False,5,0.0,0.0,0.0,4,9.167e-06
3,A_Permutation,4,16,4,4.0,4,16,0.0,0.0,0.0,0.0,0.0,9e030c992f949fa2c33ced84f1adb89dfcaada54f3cbe06b676074059abeeb27,a138e30d014f55937b8f69fda5115bf6edd649d2b70444e0c3df896172dad948,18ad3dc524cc79cbd4b53fcc69cf7ebed2973c625b7ef5184e777b32bc957492,3.021e-06,2.5e-06,2.656e-06,1.2084,0.4409674981103553,0.32002194185408667,PASS,positive,False,5,0.0,0.0,0.0,4,9.115e-06
1,B_DiagonalPhase,4,16,4,4.0,4,16,0.0,0.0,0.0,0.0,6.206335383118183e-17,c78d85f2e7b5e07596b2f2ff1039973002004b97c843e2dacadfac0762f221c1,069e82f7bdf0c91f788b4f5d7c0113cfbdb583090666022965c0400e608a60be,984c1b0cf02db76a96340cecabdb800773df1adc19a784eefb1f7d6c791e4e2f,3.125e-06,2.5e-06,2.552e-06,1.25,0.4375281235938203,0.318206610668703,PASS,positive,False,5,0.0,0.0,0.0,4,9.167e-06
2,B_DiagonalPhase,4,16,4,4.0,4,16,0.0,0.0,0.0,0.0,6.206335383118183e-17,4e62d9d73a48b0e685a4f6ecb2ec98bbbf225d24b6e5ce558ed710b7aa9cef83,00e2ca9b15ba38f6fc9a243f7036e81dd33dc3005e3ad85bf3c283540b948538,1c85cc9d60947d1ec30a8d990e7f755793bee762df98c0369a9fc019db38930d,2.969e-06,2.448e-06,2.604e-06,1.2128267973856208,0.42972851357432124,0.31077123332248613,PASS,positive,False,5,0.0,0.0,0.0,4,9.219000000000001e-06
3,B_DiagonalPhase,4,16,4,4.0,4,16,0.0,0.0,0.0,0.0,6.206335383118183e-17,5d665d787de80e169a1b1d38e75f14cd92e934af6245d5ac20e7c7463c35b07c,5314b66fb22b7e8893ffc491ac21fb36301404a1e6b4711b4d9adff2c5a2e130,19cfa6c523a627b969ebf02dca773e4480777e307cb0b69ab24b0c10bdd8d258,3.333e-06,2.552e-06,2.552e-06,1.3060344827586208,0.43653816852049365,0.3143170597915524,PASS,positive,False,5,0.0,0.0,0.0,4,9.115e-06
1,C_SparseLocal,4,16,4,4.0,4,64,0.0,5.721958498152797e-17,1.2566871346510768e-16,5.551115123125783e-17,7.850462293418876e-17,89a94b07c898c930825c25d9ebc13bf6d1b8c94da9cda18d476c38ccc50489ff,829f782a070a250769a2c50fa99d161a31a857fb22cd7110387d2b2ce6ec0599,0f777bf28bc26adfb333f17ed3b672a916658fcd508a83f62c3941d24aee00e9,3.281e-06,2.552e-06,2.604e-06,1.2856583072100314,0.42640273850275345,0.307304515713826,PASS,positive,False,5,0.0,1.1443916996305594e-16,0.0,4,9.323e-06
2,C_SparseLocal,4,16,4,4.0,4,32,0.0,1.3877787807814457e-17,3.1031676915590914e-17,3.469446951953614e-18,6.206335383118183e-17,8de399ee13aed57d19ab23a056abcfc610724eed4c2ae098e2e7f42274024264,710c672877007cb986fff0b91e342672dd3075fe2da477045c2ed2a873d41d8f,54efcf68cf7be7487d6d467b9520bd87acffcf8e62218401cfbb2eb4de1a61bd,3.178e-06,2.552e-06,2.552e-06,1.2452978056426331,0.45973985754103436,0.33143558830096004,PASS,positive,False,5,0.0,6.206335383118183e-17,0.0,4,8.958e-06
3,C_SparseLocal,4,16,4,4.0,4,64,0.0,5.551115123125783e-17,1.2719202621569e-16,1.1102230246251565e-16,4.47545209131181e-16,addb2dd80601dfcaa46b1d49187ad9643332d1ebf876da534a3f5cd0f3b733b6,65cfb8a55f985affcaf0c02abca9f88c0611366ab9c3607243caf784c40e64bd,1ebafc08bff92693722090e82ae17f0d95a1ffe9107ce47eb88b53178092fc80,3.125e-06,2.5e-06,2.656e-06,1.25,0.42509448223733937,0.30850246845858476,PASS,positive,False,5,0.0,6.546139416680338e-17,0.0,4,9.115e-06
1,D_TensorProductLocal,4,16,4,4.0,4,64,0.0,2.7769124835677133e-17,9.616378215626109e-17,5.551115123125783e-17,5.594315114139762e-17,6203647adc905e473b9b93a1dac4542f87a4f4d1a26bf75ab1c8809bc5fd97a4,f9f5f8452e198d87a32144035ab6006191811365429686303b5aab4c0258aeaa,4f69215b0534a676a530f899c7368a0d63af4edd7bee2e5a5ce61d9a541e71d2,3.281e-06,2.604e-06,2.656e-06,1.2599846390168972,0.42509448223733937,0.30850246845858476,PASS,positive,False,5,0.0,6.206335383118183e-17,0.0,4,9.115e-06
2,D_TensorProductLocal,4,16,4,4.0,4,64,0.0,5.647850449853784e-17,1.4033044459902308e-16,2.220446049250313e-16,1.2412670766236366e-16,fbbb17252e34ce8e24c9a43bf86661a089c8d886366a7e5e44f47984972e0ddf,bd9771d2ffc0636fa75e0c89417df9cfd2d06b89910d0ce965ddff9f2ba69673,f066ae705cf40a86ae54673c66309d3b639e1c7de41d7ff322c4aa30ae2525c6,2.917e-06,2.552e-06,2.656e-06,1.143025078369906,0.43514583027993553,0.3166933333333333,PASS,positive,False,5,0.0,6.206335383118183e-17,0.0,4,9.375e-06
3,D_TensorProductLocal,4,16,4,4.0,4,64,0.0,2.7755575615628914e-17,6.798699777552592e-17,2.7755575615628914e-17,4.443059973708341e-17,6715f45d403a6b4ce4174f6bc5c6dbbd8f5cd5e3cd3390847e4784871038a7f9,e5048e10b2c9669a442969fc56c0aa8b89ab261974f4168f37d9de925c195339,06c59629e5bf4f3563420af7fe641161a4a92c78a2839ec1c56ccc7b30961c1e,3.281e-06,2.604e-06,2.604e-06,1.2599846390168972,0.4219289035548222,0.3068615686702302,PASS,positive,False,5,0.0,5.594315114139762e-17,0.0,4,9.167e-06
1,E_RandomUnitary,4,16,4,4.0,4,64,0.0,3.1031676915590914e-17,6.798699777552592e-17,5.551115123125783e-17,2.2729511820139823e-16,56aea5d5d832c9479dbd4747cbe2d4c73e4b0488ca14fb59a1838e1d41c44e5f,ecf28b3cca4b7dbc8c15b1344ee4a9d7a15bd51efe49ca53eaf53f0c6b7d3fa4,ed42e894c07ee65263f0064ea6865e4ba5bce5b566582d6bd7a69e2a511c5a09,3.281e-06,2.448e-06,2.552e-06,1.3402777777777777,0.42640273850275345,0.3089948231233822,PASS,positive,False,5,0.0,5.647850449853784e-17,0.0,4,9.272e-06
2,E_RandomUnitary,4,16,4,4.0,4,64,0.0,6.206335383118183e-17,1.8253379971363983e-16,5.551115123125783e-17,2.3714374201337736e-16,3e63fe6414bcc52a2a878a607b7020d2637ff40d4d566ba841277138fae30cac,aa2ba4839189c7f753fadc75c22bcbccd5d062499dcdff7e89892dd83933f934,6e28fd426da669397a42e5dc0a5f3a0d53702fec8db3d3a6100db8f97dab5214,3.021e-06,2.5e-06,2.604e-06,1.2084,0.46092695365231734,0.3352241736664121,PASS,positive,False,5,0.0,5.928593550334434e-17,0.0,4,9.167e-06
3,E_RandomUnitary,4,16,4,4.0,4,64,0.0,2.8609792490763984e-17,7.601177430610148e-17,2.7755575615628914e-17,1.6883057536160646e-16,47a59631c5277820479ed84465d713ad15e304eadc544dce97ac3c4aad501754,4c4681641d3b0601a4f82550f70e7d255d41c0d4e0d3cf0412a5c92215f60f2c,d35e5bcba0bbdafaa35bd32b849ef52f6b35fcde717f31b4092857dae63b00a3,3.021e-06,2.5e-06,2.552e-06,1.2084,0.4331065759637188,0.3143170597915524,PASS,positive,False,5,0.0,5.551115123125783e-17,0.0,4,9.115e-06
1,F_HeterogeneousProduct,4,16,4,4.0,4,64,0.0,6.206335383118183e-17,1.4768600685300367e-16,5.551115123125783e-17,2.3714374201337736e-16,9be77e36a8d0b5bfdb56d273a26a8bed85a290847755d7476ab470ea41b0c6bb,338a8c1b117f98c90c1df5f433936825ea8b8e26a759ed976d68d72e165b656d,f2863c83e960e8bfd776f9dbe9c24de105b00a4f9978c7fee6d8b90a2d3319e5,3.75e-06,2.553e-06,2.552e-06,1.4688601645123385,0.4295785210739463,0.30892028907345487,PASS,positive,False,5,0.0,5.815852873680767e-17,0.0,4,9.271e-06
2,F_HeterogeneousProduct,4,16,4,4.0,4,64,0.0,6.206335383118183e-17,1.3695529233661919e-16,1.6653345369377348e-16,1.2412670766236366e-16,0efa6390f75d52f8d962fd5f619bae95478b57dc074411e53bbd5bf93df7224d,4ca41ce7ccafa99bdaa2ca6655470d1107e878b590260890dff44b02511beca2,133ff1d6711a318f32ca030feb1e06086a9d6d9f737c447de81e6c96d6da96c1,3.125e-06,2.552e-06,2.656e-06,1.2245297805642634,0.4341419854144963,0.3111466666666667,PASS,positive,False,5,0.0,5.551792708129603e-17,0.0,4,9.375000000000001e-06
3,F_HeterogeneousProduct,4,16,4,4.0,4,16,0.0,0.0,0.0,0.0,0.0,e6231c7884f2b0a1f6f11876f6ea9ff9f57b64e285e58d80216d67ce1307347a,a138e30d014f55937b8f69fda5115bf6edd649d2b70444e0c3df896172dad948,fdf8955ad542a15ed98f27de804b772bacbf894c4daa2bf8034020f3f34c9a80,3.333e-06,2.5e-06,2.605e-06,1.3332,0.4296429642964296,0.3106627616878186,PASS,positive,False,5,0.0,5.551115123125783e-17,0.0,4,9.219000000000001e-06
1,G_ForwardReverse,4,16,4,4.0,4,64,0.0,5.721958498152797e-17,1.3028916647385012e-16,1.6653345369377348e-16,4.619448428525917e-16,cec712140fa67e07485ce5b3632b4cd43f8865bca39defb89be32183e61a12fc,5ccccc4b7e4830dcfdd7e7d504554cc7a2207973936ed8de6aaa73148792b8f3,272806d8055e8b3f3ba83c080848c58e5265df78ef9e191341fdc7b7165c9908,3.281e-06,2.552e-06,2.604e-06,1.2856583072100314,0.42646621018160175,0.3090614886731392,PASS,positive,False,5,0.0,5.551115123125783e-17,0.0,4,9.27e-06
2,G_ForwardReverse,4,16,4,4.0,4,64,0.0,7.850462293418876e-17,2.0062885096040707e-16,4.440892098500626e-16,9.71445146547012e-17,486a2cf41b52fad4c6944e89866535f8df9fa68a8ebc64d04c75e0554cd1a3ba,d236d05e37e54e9b9a7c22770cb3ed6406c8169c6b52eddc5d0da717d5196cf2,fddc99279e9dfff059712ff408da4d857389f7bd3778c7a33f6bf006eba3686a,3.281e-06,2.552e-06,2.604e-06,1.2856583072100314,0.43645230112770494,0.3142418257625631,PASS,positive,False,5,0.0,5.594315114139762e-17,0.0,4,9.114e-06
3,G_ForwardReverse,4,16,4,4.0,4,64,0.0,5.551115123125783e-17,1.1816510524180758e-16,5.551115123125783e-17,3.433175098891678e-16,fe68d9cd7ff7c83b1526bf41c8b9a24e241d536c52aa75d7f098ded8202de54b,dfdd8036ab3e0964341f859e14441b750fae0a6ac3d5a811104f28c67b39e2de,68ffed50a9b85712086cd5af94d34b9ecb543d72dfbdb7b010ae7f39fa0f58f1,3.073e-06,2.448e-06,2.552e-06,1.2553104575163399,0.4219289035548222,0.30513070831977435,PASS,positive,False,5,0.0,5.928593550334434e-17,0.0,4,9.219000000000001e-06
1,A_Permutation,5,32,8,4.0,8,32,0.0,0.0,0.0,0.0,0.0,48a71bfd71e9141f40b39d732bf06a6494bbdcb329c986cd9b926bcd0beab97c,e05c5b8b3579b7ae10a0d43d3fd91d7f68c2ad155a325fc6a04c986d77e0d408,484690d89b6887a023b1f830f139048a1682992479125e7b9c79b15aa705c13b,4.323e-06,2.552e-06,2.864e-06,1.6939655172413794,0.5490111159231991,0.39684858603777523,PASS,positive,False,5,0.0,0.0,0.0,4,9.583e-06
2,A_Permutation,5,32,8,4.0,8,32,0.0,0.0,0.0,0.0,0.0,c8c9b077c4f79a745cb5627fec9ea1e563dcecf176cd7cc6c0da75e1622f4ce7,e1bb145cb513bd5a17551f76bf471514dfd8ffd5aba7b2182edd3f15c35a85e3,ba770dfde29dcb2ef64ecc72459c610dacef9bcc4a85c131b62d7a27d9d698fb,4.062e-06,2.5e-06,2.865e-06,1.6248,0.559679037111334,0.4010678714447069,PASS,positive,False,5,0.0,0.0,0.0,4,9.739e-06
3,A_Permutation,5,32,8,4.0,8,32,0.0,0.0,0.0,0.0,0.0,d7204f813ebd17e81d30796ea5a57dda8a54a9bbb79713ca8f1748ff4c0eb087,6a2d8d68823d494bd03f5d5052fa3aa491b005bcc3986b638dd08b9066f72e42,f02d481dd7595f31213acfe4db62e35bad28d564d7cf8858c07ae62c1ef6726f,4.427e-06,2.604e-06,2.864e-06,1.7000768049155146,0.5408134243458476,0.38837826797385616,PASS,positive,False,5,0.0,0.0,0.0,4,9.792e-06
1,B_DiagonalPhase,5,32,8,4.0,8,32,0.0,0.0,0.0,0.0,6.206335383118183e-17,9b7757f53def0da730297655f80c4be7286452865f1b78259bea600bd559bd59,3bad9976c038c9c38435800f092a18ce23c599907ba944d6e04ad2c6fc5c8c3e,44936b23ae8abeb85ae7eaa80355dccaa763c3db24641b2083342a3ff9e7ff85,4.531e-06,2.604e-06,2.864e-06,1.740015360983103,0.5447771887089841,0.39248477340765975,PASS,positive,False,5,0.0,0.0,0.0,4,9.687e-06
2,B_DiagonalPhase,5,32,8,4.0,8,32,0.0,0.0,0.0,0.0,5.551115123125783e-17,70c2437af2ffc4400d2dd5d3db70567bbd891ee0fe0ff34325666a7f1c944bdf,cd5c05aacb16c5573aadcfb17fe6104ba1ec0b616d65a60e3c794c3c676c23a5,930c0e75d94ca635af7d09fe65a1a205c4700b04a610049e5f0e4b957ffba5ca,4.219e-06,2.604e-06,2.865e-06,1.620199692780338,0.5441197232810956,0.39154729249212633,PASS,positive,False,5,0.0,0.0,0.0,4,9.843e-06
3,B_DiagonalPhase,5,32,8,4.0,8,32,0.0,0.0,0.0,0.0,5.721958498152797e-17,dcae693e5000b878b70020011c4f609e6bb578d923b2f38beabb8c39a0181b67,61a91aa39e204e45ac4667227d2bfa30c3153f531b93a0dcc8e7dd09be9f16de,d1c3b573d7ff0512eb96a3eeec445df30574193212718bbc904e44ac77f16cca,3.854e-06,2.604e-06,2.865e-06,1.4800307219662059,0.5367782013271213,0.38626435029970535,PASS,positive,False,5,0.0,0.0,0.0,4,9.843e-06
1,C_SparseLocal,5,32,8,4.0,8,128,0.0,3.1031676915590914e-17,9.412373634839028e-17,1.3877787807814457e-17,8.777083671441753e-17,3071e90770e18f8d2501076121467bf06f3b16332d8923f09358388c78fbfe3d,8bda044bb257f034ae5f7f9b147a18989b69dbb4d1d0a3e6ac1e2ef83078b019,01fd9cb948256423abb3e211a102967b9ee30f5d1605258e21568643ef016ccf,4.584e-06,2.552e-06,2.865e-06,1.7962382445141065,0.5556819798037265,0.3989991830065359,PASS,positive,False,5,0.0,4.86032246606382e-17,0.0,4,9.792e-06
2,C_SparseLocal,5,32,8,4.0,8,64,0.0,1.962615573354719e-17,4.181367333348073e-17,2.7755575615628914e-17,5.003707553108402e-17,bdea9f0ce11f700df0b1dc4d43202c65ea08e0280eaed6edcc2192714dcd1a46,bdd9b901254f060ddaf8e92737c7bec25855c3db1fa87fe4caa7aacf1d4d786a,559dad35313016e2170acc4f33fe624d7f1f79ca7e5d48d02fad27078c85c5d7,4.115e-06,4.583e-06,2.864e-06,0.8978834824350863,0.559679037111334,0.4032208113967173,PASS,positive,False,5,0.0,5.721958498152797e-17,0.0,4,9.687e-06
3,C_SparseLocal,5,32,8,4.0,8,64,0.0,1.3877787807814457e-17,3.198672041575565e-17,1.734723475976807e-18,6.206335383118183e-17,2638c7c474e04f9f77f6003c90cf401aa3ee50e390707717751449ee2532db75,be0aa4d5a892aa9585b9dfb6c3cbcb59da3c89c2120577a27f244ad091475e56,5b51d7a6b938df86456118918a0e51ed15fc0d397aef5c3c76b1760bee93d245,4.219e-06,2.604e-06,2.917e-06,1.620199692780338,0.5555397525245344,0.40102669404517466,PASS,positive,False,5,0.0,6.206335383118183e-17,0.0,4,9.739999999999998e-06
1,D_TensorProductLocal,5,32,8,4.0,8,256,0.0,5.721958498152797e-17,1.430489624538199e-16,1.1102230246251565e-16,1.962615573354719e-16,82da8bb8cb109aaec0e76c5863e136fd9693198bd7287acf850e45c48fa1e202,6e7404d5412de7b0f956b310151eac7106f46028c65fdfc92baa93df8799b883,918b3f34057e3b5653461c1eeb309b9738c638dadf82432efdd73ea0c3ecdb8f,4.896e-06,2.604e-06,2.917e-06,1.880184331797235,0.5367782013271213,0.3883158002246961,PASS,positive,False,5,0.0,1.1102230246251565e-16,0.0,4,9.791000000000002e-06
2,D_TensorProductLocal,5,32,8,4.0,8,256,0.0,3.1031676915590914e-17,1.134487933231347e-16,8.326672684688674e-17,8.441528768080323e-17,f44610c0284e7eccd7496029fab27fcc076ce066ab1aaef09c56c97d9699020e,6641584007e049571d531076c5c4b2fc8c846834a7f2dbc4dec9e0057b0705a3,7a9cc727896bf063bd383d654b3845c583dc908d47939e43ff815d48500a99f2,4.375e-06,2.657e-06,2.916e-06,1.646593902898005,0.5894827339160338,0.42469288737483224,PASS,positive,False,5,0.0,5.721958498152797e-17,0.0,4,9.687e-06
3,D_TensorProductLocal,5,32,8,4.0,8,256,0.0,5.551115123125783e-17,1.7225376107857809e-16,5.551115123125783e-17,6.206335383118183e-17,cf42b6189a6a1e8f9f6133609157b34a7b7dae76579fde5c3fe49f7e5cfa391a,ee365dd6aa87c3ae4db1e9ab157d33c769a765d6382558c210257e8be29dda29,6b598e4f362a6dcbbbc67ce83411341dd07a74e88379cafd321c9e24bb603bcf,4.375e-06,2.552e-06,2.76e-06,1.7143416927899686,0.5408134243458476,0.3925474814203138,PASS,positive,False,5,0.0,1.1102230246251565e-16,0.0,4,9.688e-06
1,E_RandomUnitary,5,32,8,4.0,8,256,0.0,5.551115123125783e-17,1.7413893541504344e-16,1.1102230246251565e-16,1.3877787807814457e-16,64ed5eabd51fce28bf08c286ae8c6ec4e6324d3a8734923d0e655eb0bf24950e,76e2dc0b7b8bd09aecaa7c4f7405264bc75277f30c2a7210959485dd755f73ae,b68f570500eab504c690fb237a7ac54a4e24ee5bb23faedcfdea6ca0abdfef66,4.167e-06,2.552e-06,2.864e-06,1.6328369905956115,0.5521489971346704,0.39781172584640795,PASS,positive,False,5,0.0,6.206335383118183e-17,0.0,4,9.688e-06
2,E_RandomUnitary,5,32,8,4.0,8,256,0.0,5.721958498152797e-17,2.040789921755151e-16,6.938893903907228e-17,2.0014830212433607e-16,3ab8c4f3134901a91a00aedc9250ec22d06376ce90d084c282cbdf50fee436fa,d6f7c8acc6ce96f6934d69301bb88489926ba44ef2d5af5ec2d80431f06ad0d4,c588544a2b2c5718cd12deef3cee116fd71f8c4e7db42af58afc88b5df81324d,4.375e-06,2.604e-06,2.865e-06,1.6801075268817203,0.5788106235565819,0.4161477791614777,PASS,positive,False,5,0.0,6.206335383118183e-17,0.0,4,9.636e-06
3,E_RandomUnitary,5,32,8,4.0,8,256,0.0,1.1102230246251565e-16,2.522994132524613e-16,1.1102230246251565e-16,1.1631705747361534e-16,7f48f99dc338f9f831d5115571d8524037a719808c8de37dd49ff84405c7f425,5e9031fee5e844ea30b2d2319e674e4cd170a12313a59998b8994c6b95ac9a19,0dd4a8959baf1bf157ee3fb303fdf0a2ac14090e0bb1e29d8b7e61c19107ab38,4.375e-06,2.605e-06,2.865e-06,1.6794625719769671,0.5357289809353999,0.3885793871866296,PASS,positive,False,5,0.0,6.059128614320848e-17,0.0,4,1.0052e-05
1,F_HeterogeneousProduct,5,32,8,4.0,8,256,0.0,5.721958498152797e-17,1.8926779167518858e-16,1.1102230246251565e-16,1.6184142622847341e-16,dd2b1390644ff550a313d504c4444d80635721a03b9a7a5f3262f00e2184951d,650d399f930191cf8eee492faff63c5ec2d2bb7b2692579530a3540280bfacd0,95e323f7d45fe445e5874e0ed3d9635b3877c66a1c864f24426cd5edd223b9c0,4.427e-06,2.552e-06,2.916e-06,1.7347178683385582,0.5481439340065424,0.39568788501026686,PASS,positive,False,5,0.0,6.206335383118183e-17,0.0,4,9.740000000000002e-06
2,F_HeterogeneousProduct,5,32,8,4.0,8,64,0.0,0.0,0.0,0.0,5.618469141565346e-17,7e7508ef79d7f830e530c02dfa387f073c1fc520a925e59541ce35971784cbe0,a2d84c2397e2fb9e59248c2860dbdef517b5d3e4547ad4ab7995ea3695c565bf,930dc8271d62228219fe51c2e13c219e934c8e337078688bec402ea215ceb174,4.896e-06,2.656e-06,3.125e-06,1.8433734939759037,0.5693062368605466,0.4126790612618104,PASS,positive,False,5,0.0,8.441528768080323e-17,0.0,4,9.843e-06
3,F_HeterogeneousProduct,5,32,8,4.0,8,256,0.0,4.3885418357208765e-17,1.2799391231400003e-16,1.3877787807814457e-17,1.615809017446043e-16,b3d699c8f994f0677ee81a6f6ac0c0a323e09d51af4dbbf809db5bc9a61f906d,582be32925ad3216cb85dbf70075590cd988222e56015d186cbc06ba6a802f44,e407a72f2ec69a914b84602a9e50012310c1f4ff293ec38949448a233ed2a3fd,4.062e-06,2.5e-06,2.969e-06,1.6248,0.5407481154885506,0.3903490759753593,PASS,positive,False,5,0.0,6.206335383118183e-17,0.0,4,9.740000000000002e-06
1,G_ForwardReverse,5,32,8,4.0,8,256,0.0,5.721958498152797e-17,1.395671015252306e-16,2.7755575615628914e-17,1.4637612725888055e-16,22f1699294217d78829a2c727e192c915dcab70eff2c41a95e3253253125556a,91cc35eec005fe8392f79fceb0cdfb70e00bb372e18942a6c59f624f4b265f40,abb37569341faea852ec93cb4c574ad85e9e628a9ef4e6aeb1e49035829c14a8,4.427e-06,2.605e-06,2.917e-06,1.6994241842610365,0.5435447968836951,0.39274225975070365,PASS,positive,False,5,0.0,5.575456304969596e-17,0.0,4,9.948e-06
2,G_ForwardReverse,5,32,8,4.0,8,256,0.0,2.8609792490763984e-17,1.3490751637495733e-16,8.326672684688674e-17,1.6493562521320161e-16,746e77f7a951d25d5ab621d96ed649ef02b0b7e8f81fff91d163b9949beacc07,1ccf9e9a35918c92afdc84f93d7e4f34d4ebf846d181e68ea0d3d63f4b0f4fa2,fbde2785593ae26ce10866ff04b7e4b86dbbbb87b679e1f1d7202fdaf25c7bae,4.063e-06,2.605e-06,2.865e-06,1.5596928982725526,0.5513833992094862,0.3967899227956116,PASS,positive,False,5,0.0,1.1123893155135927e-16,0.0,4,9.844e-06
3,G_ForwardReverse,5,32,8,4.0,8,256,0.0,5.551115123125783e-17,1.6892913655419655e-16,6.938893903907228e-17,1.6184142622847341e-16,6a5c1e943d8f436128f22a0476b6cad32fddee2db761b954e856c5069199a6e3,7979be44c45d2be9fbfb4866660a34fe763d6bded475c2d6ebf6ad979f3d2a9d,685598525c14257c0aa487bd79e3fa64b8fefc4c8e1fcfc44dd0539cb765e713,4.166e-06,2.604e-06,2.969e-06,1.5998463901689706,0.5324585635359116,0.38550000000000006,PASS,positive,False,5,0.0,6.206335383118183e-17,0.0,4,9.999999999999999e-06
1,A_Permutation,6,64,8,8.0,8,64,0.0,3.925231146709438e-17,1.9235885489506266e-16,4.163336342344337e-17,6.938893903907228e-17,579f1cd99870399f2a376a2cc6ec65a4e7ccebf0691bdc7021afd2555ff82760,675340756b0a24479d1a95dbe59e8959d49552a562efd90292ddaad352d1a224,d89e950edd8fcd28331f1538730633db5acc539d17844017a56880958323b9f9,3.8385e-05,1.1979e-05,1.6146e-05,3.204357625845229,1.0447368421052632,0.7477321648216483,PASS,positive,False,5,0.0,3.925231146709438e-17,1.1102230246251565e-16,8,5.2032e-05
2,A_Permutation,6,64,8,8.0,8,64,0.0,5.594315114139762e-17,2.0834021724484053e-16,5.551115123125783e-17,8.391472671209643e-17,0cf82fc898fe833aac901ccc0ebe22fbeaacd074ff42700cb38ac36221161156,1f99d484e39591943b25d4c50428b69bcb920f489637838ae6c40803266c8c30,568d6274ac5993d01d26bb4e1a6dd6cf830f0346299511e01b12ed211f6f5bce,9.428e-06,2.553e-06,3.281e-06,3.692910301605954,1.2222666666666668,0.8756328207087591,PASS,positive,False,5,0.0,5.594315114139762e-17,1.1102230246251565e-16,8,1.0469000000000001e-05
3,A_Permutation,6,64,8,8.0,8,64,0.0,3.925231146709438e-17,1.954029515229018e-16,1.1102230246251565e-16,7.850462293418876e-17,710118685f1c9bdf08b355c66ef9dd2ae490fb9391f8b321e5a7cb2f1e71f377,658bde37d4be5ab6f94da4b036e1342f16439898d60352875ceffe28ce1d4883,bc6f4ebf1d6bb515a2c1899cd55a5be13b89385609285bc70d0772a0396878ee,9.532e-06,2.5e-06,3.281e-06,3.8127999999999993,2.1780641767490794,1.5511847897349444,PASS,positive,False,5,0.0,3.925231146709438e-17,1.1102230246251565e-16,8,1.0677e-05
1,B_DiagonalPhase,6,64,8,8.0,8,64,0.0,4.3885418357208765e-17,1.867709991345386e-16,5.551115123125783e-17,6.938893903907228e-17,bcfcf160359f58736e25e892e56f4af203c757f70f87e1915581a5b45ad3e4d5,1c1db9601760b6e52d77a4f862a3c36b557a8b7fd180159cf82426950fbe2bfe,f691ea2fac67eecd0eb3d6e7439f67fb1f2f1416eabd1d90e0e0f3e582b9333f,9.792e-06,2.552e-06,3.281e-06,3.8369905956112857,1.1468850698174007,0.820005759815686,PASS,positive,False,5,0.0,6.206335383118183e-17,1.1102230246251565e-16,8,1.0416999999999999e-05
2,B_DiagonalPhase,6,64,8,8.0,8,64,0.0,3.1031676915590914e-17,1.7032122529894138e-16,4.163336342344337e-17,8.777083671441753e-17,8727481e9c23919b75711e714017253222a19451161ddc68b047f88358c2e869,e9e629cb659bda532b70b5740e36c1bdcbdacc0c6eeafccd0938df02d62168d9,bf5c8bf00cd01822b763a5bcfe34331762834ea0925820e9a364de6e85d54105,6.1667e-05,1.2083e-05,1.6198e-05,5.103616651493835,0.538453276047261,0.38537822878228783,PASS,positive,False,5,0.0,6.206335383118183e-17,1.1102230246251565e-16,8,5.2032e-05
3,B_DiagonalPhase,6,64,8,8.0,8,64,0.0,5.928593550334434e-17,2.1723559139460433e-16,1.1102230246251565e-16,1.0007415106216804e-16,a91d4cbc095808959e14a7844fd6b8e70f27945f3afd5901188fb4b0e23c8486,1ca7f03fdf5bcdd97f64b5a5ecad770c36db072454f676c0d857263fe5fe2d57,6217fe06a5e68e9db94d8754d3d3b348bba9321063476819a7c8bbee3f7b4700,9.896e-06,2.552e-06,3.23e-06,3.877742946708464,1.4552436440677967,1.0395384033295498,PASS,positive,False,5,0.0,6.206335383118183e-17,1.1102230246251565e-16,8,1.0572e-05
1,C_SparseLocal,6,64,8,8.0,8,256,0.0,5.721958498152797e-17,2.361773613501416e-16,8.326672684688674e-17,1.1102230246251565e-16,3aef8b3faec3b098098500f9926916549bcf66bde4fe318d9a72a260ee33d67c,64ea17347757b0ff3d4d1237b25a660609c6e399aeec5cd1c277e0b8e80b6f15,1ae8cae8cb4dd0b3c6f952f4c08030a31f32401c32cf818b58f2b8a70130d4ed,1.0052e-05,2.604e-06,3.229e-06,3.860215053763441,1.3125333333333333,0.9356525045147799,PASS,positive,False,5,0.0,6.206335383118183e-17,1.1102230246251565e-16,8,1.0521e-05
2,C_SparseLocal,6,64,8,8.0,8,256,0.0,5.584220101197091e-17,2.290097810096655e-16,1.1102230246251565e-16,1.1775693440128314e-16,e751c857870fc5e6daef75186ea38d07b89117a91c11716d1f5b2370adf906de,5e46f6c9e46c0c83626f4fa731a4decb3693fad48c06a89dc8a63559b33e6377,37bb47de54e6efed48a10069b3578dec1ad63108099b7b786d283ed45ef8f73f,1.8073e-05,2.552e-06,3.282e-06,7.081896551724139,1.253419253024724,0.897035294117647,PASS,positive,False,5,0.0,8.582937747229195e-17,1.1102230246251565e-16,8,1.0625e-05
3,C_SparseLocal,6,64,8,8.0,8,256,0.0,5.721958498152797e-17,1.9453668910313344e-16,4.163336342344337e-17,1.0007415106216804e-16,c799b51fbfd38237e5b3e10006b13b9dbc01c009c194fe8645c3179e8207a633,ec374cfbb1fdb1eaaf3b3b14b2047251ca548cc140e423828eaf1447c06f39f1,b6cce87f38486270303356c84201c62b04810103de26e6b7f46864b073e01319,2.5573e-05,1.1875e-05,1.6042e-05,2.1535157894736843,0.5544620830204869,0.39541421249904374,PASS,positive,False,5,0.0,6.938893903907228e-17,1.1102230246251565e-16,8,5.229200000000001e-05
1,D_TensorProductLocal,6,64,8,8.0,8,512,0.0,5.640019284429067e-17,3.0598329048216603e-16,5.551115123125783e-17,1.6184142622847341e-16,2c7e0338112fcbb9d9b3688564d5d505ddaaa2a84736b54f59651a014ca6e359,a02559da94a6abf3e07408b917d7a1eb6697ff856d2f8b31ecdf81fa13568d96,f856e13ecb0da2e18a7d6cbda84380ec66d6deca049b3138d7be002039a21a4a,9.843e-06,2.5e-06,3.282e-06,3.9372,1.3496240601503757,0.9649611212441203,PASS,positive,False,5,0.0,6.206335383118183e-17,1.1102230246251565e-16,8,1.0416999999999999e-05
2,D_TensorProductLocal,6,64,8,8.0,8,512,0.0,3.925231146709438e-17,1.774512738492776e-16,5.551115123125783e-17,9.934984129320279e-17,c340df7e4327d96a66662cd1fc8fd812eb1ff7ec1eb4638b2f94ae2201f8db88,e01fb4ef0d3b65fc66efd01e11d1635244f665d525b060876c4baba00ffd9e87,ffbe961f40b6ea092b014e196516107f4c18d8777b80b40f648b05779532a162,9.322e-06,2.5e-06,3.333e-06,3.7287999999999997,1.2430666666666668,0.8861324969109401,PASS,positive,False,5,0.0,8.333897564733124e-17,1.1102230246251565e-16,8,1.0521e-05
3,D_TensorProductLocal,6,64,8,8.0,8,512,0.0,1.1123893155135927e-16,3.9824657050662554e-16,1.1102230246251565e-16,7.850462293418876e-17,2b3d7d15194fc66f119a55a4413b054e65ed38c9ce7363c378174f37992ff61c,7315d57fe6c68f9438919e820262be10d95f4a94941fa83b5121b2e275b09262,2545829044ce9e2684399cc566b6a8a658a60cf483363c58ed8073d2ca51068d,9.636e-06,2.5e-06,3.281e-06,3.8544,1.1538668098818474,0.8208997994077752,PASS,positive,False,5,0.0,5.65600331161661e-17,1.1102230246251565e-16,8,1.0469000000000001e-05
1,E_RandomUnitary,6,64,8,8.0,8,512,0.0,5.594315114139762e-17,2.332541980949956e-16,1.1102230246251565e-16,1.8619006149354548e-16,7a71696873621b8bbd544b5c2bbd4024f36ff07ae2d95b0dea4eb4317413d795,32198305a13b45e834fb2a26133d66dd5565056f1303002ad2e320d3d6fd7c74,7eb8ebc4d52568d3198ec188558ffb0ba73be54b221b31ba84dfd447291cc0fe,1.0104e-05,2.5e-06,3.282e-06,4.0416,1.3262527233115469,0.9397009165460685,PASS,positive,False,5,0.0,6.958382176060062e-17,1.1102230246251565e-16,8,1.0365e-05
2,E_RandomUnitary,6,64,8,8.0,8,512,0.0,5.419449386414209e-17,2.882878693795239e-16,2.7755575615628914e-17,1.1775693440128314e-16,90a59521d11466ccaec3569823ca8aa3588b2a9e7fbf605addbe0bcf1d344f74,674420a99fc0e2a229469198bd32f1dcfaaf3fb2765e10441499117c56171d55,e3ae4f045ec8471554caffc0faa4dbde251b82896eea62158723bc2763246c85,9.531e-06,2.604e-06,3.281e-06,3.6601382488479266,2.903469279661017,2.084315589353612,PASS,positive,False,5,0.0,6.206335383118183e-17,1.1102230246251565e-16,8,1.0520000000000001e-05
3,E_RandomUnitary,6,64,8,8.0,8,512,0.0,5.003707553108402e-17,2.7070580781345337e-16,1.3877787807814457e-16,2.7755575615628914e-16,73576ceb2c1961f5772c751f68aa8a38cfbe8bd2ea0dc6dbfe4acd0b67219652,7595c71bc8f725b785ad539e9357706381e9b0283cb968e905d08d933c1b3efe,7f03e2ef91eba77d1b353d13ffedd60fba8b77ad8e9656a981d0135675765577,9.636e-06,2.5e-06,3.281e-06,3.8544,1.2430666666666668,0.8861324969109401,PASS,positive,False,5,0.0,8.441528768080323e-17,1.1102230246251565e-16,8,1.0521e-05
1,F_HeterogeneousProduct,6,64,8,8.0,8,256,0.0,3.925231146709438e-17,2.06120734376529e-16,2.0816681711721685e-17,1.3092278833360675e-16,6e68b62e4c74458c6c030efa8e6daa4f55d1a2d955fd232d62e74d090afb0305,1ecb560310c02fb550182c9ae8b8af3588df0d942934b5ce59a61ba6e735bd58,9b99f5d34eacb8ecd673255f41aa4187fc4a8b1e7f4974071a46412ae889e11e,1.0156e-05,2.552e-06,3.281e-06,3.9796238244514113,1.3098972417522985,0.9208250166333999,PASS,positive,False,5,0.0,8.326672684688674e-17,1.1102230246251565e-16,8,1.0521e-05
2,F_HeterogeneousProduct,6,64,8,8.0,8,512,0.0,6.206335383118183e-17,2.6101680364049066e-16,8.326672684688674e-17,1.1775693440128314e-16,b18b12f58687a3888337bbffe8da8e4684ffca5a8383619e0e23c08551ac33de,17854d6eb9103c945ae8e8e540e8ef8d19e191e6086094aac1a6881ff6fd88ab,02d5a39cf349cabe45d55d8dcb492c42a3d6b1c03ab12963b947edf1717159bb,0.000364896,2.552e-06,3.282e-06,142.9843260188088,56.9274873524452,41.0988949241431,PASS,positive,False,5,0.0,8.777083671441753e-17,1.1102230246251565e-16,8,1.0678e-05
3,F_HeterogeneousProduct,6,64,8,8.0,8,64,0.0,5.721958498152797e-17,2.344381065184385e-16,4.163336342344337e-17,1.1739862079479962e-16,fc1a715c0cdfecefa03ec8e75701e29b4b3faacbf29c17b2087eb3790d3b65a8,7eb6f2d20e1185e9bdf6b8dd150e5fe30743cb1c7ea7c056c2cce9c420f3185e,c535c66724ed4f46a68d4637b337ec97ad74683649cc19210537248c19dca195,0.000113854,2.5e-06,3.281e-06,45.541599999999995,4.319466666666667,3.064031022415587,PASS,positive,False,5,0.0,5.721958498152797e-17,1.1102230246251565e-16,8,1.0572999999999999e-05
1,G_ForwardReverse,6,64,8,8.0,8,512,0.0,5.721958498152797e-17,2.394798167387101e-16,1.1102230246251565e-16,1.4404538855628282e-16,4d4c86e510ba80d011bda6e20f4cc95768a81763c285b6dddded24c9e69ef5b8,a0ef1d564de0193d816757fdb6959eb900a55f73aeeb6bbbcacf77b80ce15aa8,943ae34619ef0acc797a55a93264ebf354127762d09a063316909f28977f8569,0.000204427,2.5e-06,3.229e-06,81.7708,1.2640000000000002,0.9010550327915599,PASS,positive,False,5,0.0,5.721958498152797e-17,1.1102230246251565e-16,8,1.0521e-05
2,G_ForwardReverse,6,64,8,8.0,8,512,0.0,5.003707553108402e-17,2.3346052648394085e-16,8.326672684688674e-17,2.276126435504334e-16,ce6fb9009969afcda8b8636cfdd45271d8ecdce1e96c3e4734d4442549f3db94,7eb00f6a48fffadacc3295f62ede2a0d162eec20147eb02fd298dc37d4e8b4ee,b01f256195e2a6d3b0ac47d75d3d0b3da8590726e1dd31d381e6af386d370fa3,0.000170521,1.3386e-05,1.6146e-05,12.73875691020469,54.59718569174118,38.88330055258968,PASS,positive,False,5,0.0,5.76648802964689e-17,1.1102230246251565e-16,8,1.0677e-05
3,G_ForwardReverse,6,64,8,8.0,8,512,0.0,1.0007415106216804e-16,3.7591902009530394e-16,1.6653345369377348e-16,2.2301825219878386e-16,3dd511354f90082678497b4dafb80ad6b78da173c2d6a2ea35fb4a57f9203771,ccafe7a92a7f451d4bcdd7a15d8d67e1b0838ecdc9105285269a7519c7ecdb6d,1b69b5f040115e7570c0d521c291342a2980aaafd65407b548555ca9965088fe,1.5886e-05,2.552e-06,3.334e-06,6.224921630094045,2.027298850574713,1.453685492179451,PASS,positive,False,5,0.0,5.721958498152797e-17,1.1102230246251565e-16,8,1.0677e-05
1,A_Permutation,7,128,16,8.0,16,128,0.0,5.721958498152797e-17,2.1359388181461085e-16,8.326672684688674e-17,8.582937747229195e-17,1331b17f2a4822eabb4c3548b062bfac6c0e988f51c8870e781e3a9a35aa1f33,abeb4958c58a9d82e52cb965c5b9cc5a5a67061d71f2251a3e0adb59f21e5ff9,415e46ae5a7808696dcb1d48bc71949ddd6b7a948ec7a18c2d301d50717d6cd1,2.401e-05,2.812e-06,6.094e-06,8.538406827880513,2.1074825049345054,1.4317932463732783,PASS,positive,False,5,0.0,5.721958498152797e-17,1.1102230246251565e-16,8,1.6406e-05
2,A_Permutation,7,128,16,8.0,16,128,0.0,2.797157557069881e-17,1.7333568429156594e-16,5.551115123125783e-17,5.647850449853784e-17,8c1b8af2952821a7ef7eca782cc5a59c91e0694ce6a47e149bd10f7c8ac4acfc,cc4c701548db529e02f7815625f8fae7a87e8507d1c88c07af12cb1bd195bb8c,9f7a856d5692ea3a68a30fd8331e856e3db5a5667ea7715301d73ae33db0c057,2.4427e-05,2.761e-06,5.886e-06,8.847156827236509,2.080436760691538,1.4160782856435032,PASS,positive,False,5,0.0,2.797157557069881e-17,1.1102230246251565e-16,8,1.6145999999999998e-05
3,A_Permutation,7,128,16,8.0,16,128,0.0,5.561946577567963e-17,2.1352260078255802e-16,8.326672684688674e-17,8.342919866351945e-17,231901434728d7d513ffeca85eb10c3a125ea1ecb69d90d94d9e48050768d32f,0f22922174f780d7b2c6a3c476085c8a80acbffc5808b6de7da785a930a97c6b,fff2e68b32c2e3d4cac91603c4c043b279053b80b84c757312d8969091ba91da,2.2968e-05,2.812e-06,5.989e-06,8.167852062588905,10.08929541749683,6.877338107290574,PASS,positive,False,5,0.0,5.561946577567963e-17,1.1102230246251565e-16,8,1.6199e-05
1,B_DiagonalPhase,7,128,16,8.0,16,128,0.0,3.1031676915590914e-17,1.837827261720732e-16,1.0408340855860843e-17,5.928593550334434e-17,82bc25823e55777715678dfc6f68e3ec842c1dc52e6a67ac89ce3a847e49235e,857453425e3af4916a06a2f633dd605772bc1787d870bab8a2ea54f841cfdc05,790b7b7f21f1db7f7e2af437ddf4e1fc9abefecc96b89579d452e610d8369bb1,2.7136e-05,2.813e-06,6.042e-06,9.64664059722716,2.0335056304227432,1.2855809068098267,PASS,positive,False,5,0.0,6.206335383118183e-17,1.1102230246251565e-16,8,1.7137e-05
2,B_DiagonalPhase,7,128,16,8.0,16,128,0.0,3.1031676915590914e-17,1.8362300989049865e-16,8.326672684688674e-17,6.938893903907228e-17,202065fc54385b8747a8ff86fa2be7dafaed08550019be60a633e80d1e07be16,5d758b4d3ef23766c632ea17892284e4c74f08dfc40c81f0f9f0891794f96e9e,a7799cd528d41d92faef8efce171d9abd48977e56d99764207051653998c0007,4.5157e-05,2.812e-06,6.094e-06,16.058677098150785,20.07999634302432,13.602217130117051,PASS,positive,False,5,0.0,3.925231146709438e-17,1.1102230246251565e-16,8,1.6147e-05
3,B_DiagonalPhase,7,128,16,8.0,16,128,0.0,2.8609792490763984e-17,1.7996031707319986e-16,5.551115123125783e-17,6.206335383118183e-17,23246da84f51989871586f34ebf115c8819f9e360729ff8f5202301e6b408d58,018deb6539a746ed5021fc7bae1f9bc41f3e562073d0442dbf3700f7bcdd9e8d,936a683a07f230f66139d4aa3b3e6ee0190effd3d110054e96e6f54914c9e1df,4.224e-05,2.864e-06,5.937e-06,14.748603351955309,5.9154967847115305,3.943783587947588,PASS,positive,False,5,0.0,3.1031676915590914e-17,1.1102230246251565e-16,8,1.6561e-05
1,C_SparseLocal,7,128,16,8.0,16,2048,0.0,4.166948782366562e-17,2.626910778963297e-16,2.7755575615628914e-17,1.9107173916696979e-16,28f265a9c0900d3992d024159a2c78d4fd32e9f968cfa856204b50c1cde746ac,0367e720d29dddb7378a69c39320f8faf69af9f0041c4a7bd5b731c87263c898,93acf83e13e5d93127eeebba1a4c7618cb2d75e8a6f67a589ab558f16c4f149f,0.000286406,2.865e-06,5.938e-06,99.96719022687608,3.3078556263269645,2.233900629636557,PASS,positive,False,5,0.0,8.391472671209643e-17,1.1102230246251565e-16,8,1.6040999999999998e-05
2,C_SparseLocal,7,128,16,8.0,16,2048,0.0,5.721958498152797e-17,3.3319337363124683e-16,6.938893903907228e-17,2.0014830212433607e-16,3ff6e93069f2a04f7dc39ca59650d125f64703db126b4313bef41f9dab3da2e4,99aa24aab5227b951db3c3528ffd228f7bf13c2d12c4c216d12d48ee73957ce7,4627aa4ad4d5115b05edae92f9c6adcf411aab897fb5e000083202299992cc7e,2.375e-05,2.761e-06,6.146e-06,8.601955813111193,17.668288798442752,12.132389574093201,PASS,positive,False,5,0.0,8.326672684688674e-17,1.1102230246251565e-16,8,1.6459e-05
3,C_SparseLocal,7,128,16,8.0,16,512,0.0,6.206335383118183e-17,3.2529245345470344e-16,5.551115123125783e-17,1.4946834900704541e-16,393a7486d869035d0fa1c24209837f785c64b792ec882c97f3e1b4b2360369b7,f7c420ae477c661baf4ea68b14affe4bf630e315536de3ccc499454a5a378372,dee18681c2700229fca043762679c0a3db09375d7fe0d5edaf636d2c240d9ca2,6.2083e-05,2.812e-06,5.885e-06,22.07788051209104,2.131422390481341,1.4457963925405073,PASS,positive,False,5,0.0,7.076311083754596e-17,1.1102230246251565e-16,8,1.6355000000000002e-05
1,D_TensorProductLocal,7,128,16,8.0,16,2048,0.0,8.441528768080323e-17,3.4922917741948595e-16,2.7755575615628914e-17,6.397344083151129e-17,781bc85ae56528049b5bd5439fffe1f7d7463945be9704b85e82d1b891cbe2bb,595155b20abf1c589516485570cfb94a96d751a8df519cfb021586a2179ea28a,b073cba0c6bc419ea244c35a907279b2343e51066afd7e915828faa9781fcaac,3.0937e-05,2.761e-06,5.833e-06,11.204998189061934,2.1912548227080655,1.477393781741608,PASS,positive,False,5,0.0,7.473417450352271e-17,1.1102230246251565e-16,8,1.6145999999999998e-05
2,D_TensorProductLocal,7,128,16,8.0,16,2048,0.0,6.206335383118183e-17,2.971573276177684e-16,2.7755575615628914e-17,5.815852873680767e-17,2bd5fe304f2a485e91f451480c8c508c9e59b42f532602db95c0a26c4a82780c,62b25449500b2d6a303325bbb95d6e6fa89d9ab85f9b8b31344ced2b47805bba,cb1ece7f74d29c68edc9efb6528d966e1d4603be5da63b24c91be576402303a2,2.5468e-05,2.864e-06,6.094e-06,8.89245810055866,2.091355426968262,1.4049119500559513,PASS,positive,False,5,0.0,8.777083671441753e-17,1.1102230246251565e-16,8,1.6979e-05
3,D_TensorProductLocal,7,128,16,8.0,16,2048,0.0,5.721958498152797e-17,3.2045993807583113e-16,6.938893903907228e-17,1.0007415106216804e-16,e3e83a308cc7ce35ee4575c2e8add72b57f342c0f9e10bf0006a6a1297823cfe,e5034a2ec9b741bd94fb317ecb514b208b68e14b446356c5c0a4413ae7161078,e511e0fface353ff901819989ba1d169f287dd4e4dbc1bd3bbbbb5909d77ef8d,9.4219e-05,2.813e-06,5.937e-06,33.494134376110914,4.197736969022444,2.7852307692307687,PASS,positive,False,5,0.0,5.721958498152797e-17,1.1102230246251565e-16,8,1.6250000000000002e-05
1,E_RandomUnitary,7,128,16,8.0,16,2048,0.0,4.3885418357208765e-17,2.6694739664416436e-16,1.3877787807814457e-17,1.716587549445839e-16,677090a6632a8aa317317b8e87dcc380fcdae5bc05d678ed58b2c54f45da9a16,6e62c8ce6c95fcb74192e065cb807271d886a3c8e94a9629310b909beabaeaab,44eef606689545dddb62bb25bac3b09a242f14b583ec5c71b3d73da3f007cf4b,2.4427e-05,2.761e-06,6.042e-06,8.847156827236509,2.0189262966333033,1.3609765073912778,PASS,positive,False,5,0.0,5.647850449853784e-17,1.1102230246251565e-16,8,1.6303e-05
2,E_RandomUnitary,7,128,16,8.0,16,2048,0.0,5.611937690961183e-17,2.9799146318506e-16,2.7755575615628914e-17,1.1443916996305594e-16,1bb90485956727355d5495304be3fba377d5d0933ec711f280c46b5bf9aab286,44b96253d6078ad4f2e03ab3e5d7fbf193979e1d66f55803cdf9affca9edf00d,f4225c0e752cf0f456ac507a86cec7fc3aacdb0322c3dab0aade58dfb3e74873,0.000148958,2.812e-06,5.989e-06,52.972261735419636,2.1360194699837747,1.4307190726317696,PASS,positive,False,5,0.0,1.1123893155135927e-16,1.1102230246251565e-16,8,1.6563e-05
3,E_RandomUnitary,7,128,16,8.0,16,2048,0.0,5.605734151889657e-17,2.734424189935202e-16,6.938893903907228e-17,1.5823112613210482e-16,6e37b50ed5438b59da0c610e5581048241e541c0004de781467f59bcf8cf83cb,60d274301c6ffb2bdb4998facc2844693054347ff28c9e3e221891cdf53cd84b,d96ce23c9d6b06464cd4d7793e189509b1a8a90d72722d48e9a20ab450bf1039,3.8542e-05,2.813e-06,5.989e-06,13.701386420191966,54.68993476234855,36.81911155728447,PASS,positive,False,5,0.0,5.887846720064157e-17,1.1102230246251565e-16,8,1.5938000000000002e-05
1,F_HeterogeneousProduct,7,128,16,8.0,16,2048,0.0,5.898697549827395e-17,2.8399193602336963e-16,1.6653345369377348e-16,1.8309346819176897e-16,e696c770570e76807309a84041cabfd1d05e1b9d7ddcfe40511c5ed7eaa4a446,68ac184173acc072198202641e0b278b1a7aa46097c10cc45683a43c1b8dd5e3,865d04b31dfa68cf9edc0c9dbfa640c5634185ae80adbc388283e3485316da5d,3.8646e-05,1.3854e-05,3.0625e-05,2.7895192724122997,0.7201071116292626,0.48067850194552525,PASS,positive,False,5,0.0,8.777083671441753e-17,1.1102230246251565e-16,8,8.224e-05
2,F_HeterogeneousProduct,7,128,16,8.0,16,2048,0.0,8.326672684688674e-17,4.0041686761453657e-16,1.1796119636642288e-16,9.639819490876587e-17,a7da9a2a389bb2b8c8041e085604665cb29d5567e57cf2f3c621f24affe3bb2a,b2ecf990a242b2559f58e881f5c85f12677fb6acecba22ca8a359d23ab072b5f,8f64bf1f1bdd35ff02f072aca6f95aa854016f09f07d29cbea47e5bac9be0ee3,0.000214114,3.125e-06,6.094e-06,68.51648,1.877290975737476,1.294691224268689,PASS,positive,False,5,0.0,8.441528768080323e-17,1.1102230246251565e-16,8,1.6614e-05
3,F_HeterogeneousProduct,7,128,16,8.0,16,128,0.0,3.925231146709438e-17,2.1895000492071836e-16,6.938893903907228e-17,8.333897564733124e-17,20149dc4ef5a2b3ce0746021d8a15d5b5ecd7492087ac47b48d63dfc2f0d9699,9e88951077b8ee7543bfc763cb2bd7f286062d008d6b5a49b8815a07fca43eac,ce9e15743cf1689dd4e2c01a288145fa7bfdfe0641c7795421a58e763571743f,2.1511e-05,2.969e-06,6.146e-06,7.245200404176491,1.859770321191459,1.2594325293152684,PASS,positive,False,5,0.0,6.206335383118183e-17,1.1102230246251565e-16,8,1.6459e-05
1,G_ForwardReverse,7,128,16,8.0,16,2048,0.0,5.594315114139762e-17,3.2037482574897677e-16,1.6653345369377348e-16,8.326672684688674e-17,59bfb0b1a5b16660b0d96f46262710e931e514a85a1a297f62022ccaedf186a8,8eb65b4fb7fa0380365d85e2c9cf8117d2c2914572c9fd4776cc6f19c535b706,2dd37968739f9a446e55bd73594a830d33c6ec500b1bc7ccbb8cc90cfb380c6f,0.000167604,2.812e-06,6.042e-06,59.60312944523471,3.858358992936062,2.630038891289586,PASS,positive,False,5,0.0,5.76648802964689e-17,1.1102230246251565e-16,8,1.6199e-05
2,G_ForwardReverse,7,128,16,8.0,16,2048,0.0,5.594315114139762e-17,3.4620013357076756e-16,5.551115123125783e-17,2.2591401799415137e-16,04687665657bb6b09d57b45d564a4edb01d6d2672d2482a3d1102374565ed85d,85f062296eba507c6d64a71816c95ffa952ae8d10035dcb2515b3e8ee220b0f1,56c8f8030332e3a6cb60acb23d2ab186e1a0dd9a86fc96cfb50a4a4277881fce,2.776e-05,2.761e-06,6.406e-06,10.054328141977544,1.8248982480976819,1.2298014429670265,PASS,positive,False,5,0.0,1.1188630228279524e-16,1.1102230246251565e-16,8,1.6771e-05
3,G_ForwardReverse,7,128,16,8.0,16,2048,0.0,5.551115123125783e-17,2.883739733623064e-16,1.1102230246251565e-16,1.1295700899707568e-16,e1dcb43bd7fe0af452bd20dfff4687d45c9e14045e8f7a32cd9f7d9cbc5dfb25,c7eb84b104a311b7d178f8124a7e2db5325cf5d3db581a92a02911d75204dd20,61f28077236e38896535dfedd9c0671518d1d4059b155f9333070bcccd3374f9,2.1667e-05,2.917e-06,6.042e-06,7.427836818649297,1.9384839384839387,1.2624155505511436,PASS,positive,False,5,0.0,5.721958498152797e-17,1.1102230246251565e-16,8,1.6874e-05
1,A_Permutation,8,256,16,16.0,16,256,0.0,0.0,0.0,0.0,0.0,d9e85669a9fe74154030bf0a6d0a5bfa624c1b6375635c5f9fb87e8738be097c,bb880c549b3e53f8bcdc5827f90267105d1add832c6d505397934ae85f7b6cf9,79fefcdca16d5b2808417abb1fab2b841b04c80af22205328c9fb9052a4bb1b6,0.000114792,2.916e-06,1.0573e-05,39.36625514403292,4.109661385523454,1.8168209410278242,PASS,positive,False,5,0.0,0.0,0.0,16,3.6407e-05
2,A_Permutation,8,256,16,16.0,16,256,0.0,0.0,0.0,0.0,0.0,5a5ba0da0dfdaa2a220bde985aac88ca9a594c7194385f6465465f2363bd05ad,b86b5d33ec4ffc10ca044f629dbab58a37fa171d385cdd15cac45c26b66dfe90,28c63c4ffbf24d01c7db5c0b276d6c0432fc256d5db625347b586948dae27d0a,6.5312e-05,2.813e-06,1.0625e-05,23.21791681478848,4.23117537649247,3.112685381355932,PASS,positive,False,5,0.0,0.0,0.0,16,2.2656e-05
3,A_Permutation,8,256,16,16.0,16,256,0.0,0.0,0.0,0.0,0.0,b7e0b7209f109f75f2d403a8c3adddf2568a0d1731f0602bfe042f5210c26632,a9f556391c7e9991deb9839f68a3992376d980728af935929e464155eaa3fc85,2288ac71b4cbef6bd2d3946452a9f1423cf391f58ce67c7a13d85584c2aab5fb,7.1563e-05,2.812e-06,1.0938e-05,25.44914651493599,4.31182594601334,2.3756955416638044,PASS,positive,False,5,0.0,0.0,0.0,16,2.9114e-05
1,B_DiagonalPhase,8,256,16,16.0,16,256,0.0,0.0,0.0,0.0,1.5515838457795457e-17,f80c895e55cb39fe96854f717de4162b9140920511104882abfd927ca3714bfd,d598379abb1fbdd620e131ff032c4f46d19c3fea2ec1cc910ca6402b9ba5ffc2,e8d8476a7bb1fd503f4e4056c5819b0db6cdee1f15010786c5a1cecbf51eedc7,0.000116823,2.865e-06,1.0312e-05,40.77591623036649,4.109978874114577,2.3132825068196126,PASS,positive,False,5,0.0,0.0,0.0,16,2.8593999999999998e-05
2,B_DiagonalPhase,8,256,16,16.0,16,256,0.0,0.0,0.0,0.0,1.5515838457795457e-17,6c0ac1acb8a6ac7ac394bc698cf31386ce2d3c6fca10342d016df43e2135bfd8,7619057e3b94ae1549e9dfca5e4157854937564798d15d773e5695c9a7a528c1,91f5d8ecc8e05180c2c09ee40dff0b6b06ca1188d5a5452ad56224dbc0db2fc5,0.00024427,2.917e-06,1.0573e-05,83.74014398354473,4.377359710369795,2.514632697021466,PASS,positive,False,5,0.0,0.0,0.0,16,2.6926e-05
3,B_DiagonalPhase,8,256,16,16.0,16,256,0.0,0.0,0.0,0.0,1.5515838457795457e-17,3c01dab0f81b0e0503d23a645a814da4d4c445432d44bb2c84c644bb9537cab0,71a888ddc76572308f0194134d0e7c008106bd018e08439f73beb4f8fa6cae86,03a47e6aa585677ded124dd2e4e4c42aae5ed6980e412b8b05ca4a11fe5a178b,6.5989e-05,2.761e-06,1.0208e-05,23.9003984063745,5.285625233761376,3.0260162021341133,PASS,positive,False,5,0.0,0.0,0.0,16,2.8021e-05
1,C_SparseLocal,8,256,16,16.0,16,1024,0.0,0.0,0.0,0.0,9.106885210113024e-17,57c85d28495b0c41eee0de76cdf91332a72765898af639babd2fc3def0e83675,678bf5cbef33eed298af1b08dbbb5929061d752b208c4abafd2f89bc3044c2b2,194b3ce5bb6b668eae1713ba29cf9f584399d270a3d5763ac26767b47c8a5691,6.724e-05,2.813e-06,1.0729e-05,23.903306078919304,4.391775312966207,2.480873516048659,PASS,positive,False,5,0.0,2.964296775167217e-17,0.0,16,2.7292000000000002e-05
2,C_SparseLocal,8,256,16,16.0,16,1024,0.0,1.5515838457795457e-17,1.1536318702847e-16,6.245004513516506e-17,4.2349997174859565e-17,3a0c3322df8f9f88a37383d1585efd31c358fea265b31611df80132ee08b0888,c9b228194f78902bd1d6b19076879271087ea665f83f1ff64c5593e61a8bd1be,139478400b98c279777885b1922d28de9f97d1f95e4f466f9bd8d504b7774cba,6.5625e-05,2.813e-06,1.0052e-05,23.329185922502663,4.265951257353416,2.417924666568958,PASS,positive,False,5,0.0,4.185862945154402e-17,0.0,16,2.7292e-05
3,C_SparseLocal,8,256,16,16.0,16,1024,0.0,1.3877787807814457e-17,1.2447774200917572e-16,2.7755575615628914e-17,5.594315114139762e-17,93239ef4d8d7e4f6a2d69471664ced855c6aac818b2668dda5e4f643c208be3e,b717a69fedf1d722653fb311a9f99856f64bde59c2b8704158159ae84e1331ab,ca0dff527dd9e00cfb1f5f17745c942b1889a9a8795925e8983a61bdbf01f931,8.2396e-05,2.865e-06,2.6198e-05,28.759511343804537,7.524394880243316,4.168129168129168,PASS,positive,False,5,0.0,4.177767360805209e-17,0.0,16,2.849e-05
1,D_TensorProductLocal,8,256,16,16.0,16,4096,0.0,1.962615573354719e-17,1.7674238030929582e-16,2.7755575615628914e-17,4.654751537338637e-17,987a07a8d415a119b1e716dbc8861ff314981a440b9c9f09f56e1816d93d6084,07bb6357fdcae5f90ad26de59324072660b531e873f51a7c0f54af812ffa7661,8c08c7c942ebbc8d414ae47567db889efc279c6a95c537e731fb711c0121a142,8.3177e-05,3.02e-06,0.000136042,27.54205298013245,14.170421797222952,9.242737525632265,PASS,positive,False,5,0.0,2.7769124835677133e-17,0.0,16,8.192799999999999e-05
2,D_TensorProductLocal,8,256,16,16.0,16,4096,0.0,2.8609792490763984e-17,2.1139840574783263e-16,5.551115123125783e-17,5.594315114139762e-17,6adbfd3ebee97aece58b42d62107477d86c57f309d34943d0b85da7f88eb2b89,2110da37ba9d560e6a10fa4eb8794d68f7c192fbb3c6ef3f48daed1a63ba4f7a,0ab93c079904a51e08ca74ed15c479b855d17ac29d2df54ccfccc00f32ba10a7,0.000176927,2.969e-06,0.000131667,59.59144493095319,1.8191177727530556,1.6525842474552823,PASS,positive,False,5,0.0,5.561946577567963e-17,0.0,16,0.00014166599999999998
3,D_TensorProductLocal,8,256,16,16.0,16,4096,0.0,3.469446951953614e-17,2.5206672245964974e-16,4.163336342344337e-17,1.0569008315563939e-16,caf9685467f42cd9af6fc20b969ec59707565066ef5e095869808c54833e3bc3,43beaaea72f6b1e44e74fe8495374edef5bc5be14f3a94abb2e0edddfc6504b6,bf2350e3d52f72dc20fdb2890f5f940524f45d43337585cb1fb8155a065e183d,0.00236052,1.349e-05,6.1406e-05,174.98295033358045,0.40613947430470565,0.34313251183395466,PASS,positive,False,5,0.0,4.163336342344337e-17,0.0,16,0.000210834
1,E_RandomUnitary,8,256,16,16.0,16,4096,0.0,5.682377955034956e-17,2.929577668312558e-16,2.7755575615628914e-17,8.326672684688674e-17,527c35c34ad26320c055a9b0c953a4d38badc680e1865995bee104c6c84d888e,6a7657ade9005de48b4f8c0687a5b1aa5fd704e7664945bbaa346204bb15a472,34aa7b6cdb0005e159080d43f00df9f8ef44c54373666f6f195cb4cd1ad49698,0.000338907,2.812e-06,1.0885e-05,120.52169274537695,4.221678321678322,2.4378487518355363,PASS,positive,False,5,0.0,3.622208959480119e-17,0.0,16,2.724e-05
2,E_RandomUnitary,8,256,16,16.0,16,4096,0.0,2.8609792490763984e-17,1.757900674406856e-16,2.0816681711721685e-17,6.973502068242161e-17,c3039c0f703bb4bf1a52d9a9c0723f49ca7c030075ad7a6e0c1a924ccf7444e0,30f59a5751a4960d0b0191490c65ef5cff2615c38e2ac7f4f6bfd65bcfe44d7c,185d74afdf0daafec3e25b6955d1079f4471fd1757c27215781c725a6d824297,8.198e-05,2.865e-06,1.0417e-05,28.614310645724256,4.483501811939728,2.6139219392861115,PASS,positive,False,5,0.0,2.8609792490763984e-17,0.0,16,2.6979e-05
3,E_RandomUnitary,8,256,16,16.0,16,4096,0.0,2.7755575615628914e-17,2.1181392755814764e-16,3.469446951953614e-17,8.694409141350492e-17,f675533177373d4995236c8769145dec3f24db6d2293b84ba0c8aeb08c5791ac,564df0d5e070ed7bd2e25ece76815ec8ba6b1056bff569ddd311155548f19aba,7468e301aecd50c29ada88ab12839cf0aa6c706ca13878ef2324b5451affae58,9.5209e-05,2.813e-06,1.1354e-05,33.8460718094561,4.5322718039446945,2.6141199591821307,PASS,positive,False,5,0.0,3.469446951953614e-17,0.0,16,2.6459e-05
1,F_HeterogeneousProduct,8,256,16,16.0,16,4096,0.0,2.969368287472575e-17,2.539119083555304e-16,8.326672684688674e-17,8.121767085755589e-17,0b9d9c0c7466b16d5c06b4ff976ec779f6e2dfdee01b4483edfc7f49fb5472bc,433fc61a614243385a4ff9d1db2b891d98d620b98f316ef702fa7cadbb0bde5f,fbdaa1dc1d96464bf6b8abab8dde326dc968ead468bac8bc1035d006fff1cffa,6.6355e-05,2.969e-06,1.0625e-05,22.3492758504547,4.2751111397461505,2.43590308370044,PASS,positive,False,5,0.0,4.3885418357208765e-17,0.0,16,2.7240000000000003e-05
2,F_HeterogeneousProduct,8,256,16,16.0,16,4096,0.0,2.7755575615628914e-17,2.2983326717910813e-16,5.551115123125783e-17,7.943821393640659e-17,c9beeac1da7976a0f4718a5af7c11deff23157b73278008823056a2ca21faafe,142ffed479da81dbaa9d798c63f9f693db7c34227abbf362e867ab23f16b1e67,b01cebcb2f6a9fcddabe32794ecf9b1e2de42c12b46179ba514a2558937f29b2,6.6979e-05,2.864e-06,1.0625e-05,23.386522346368714,4.3107608484140885,2.4491081957547167,PASS,positive,False,5,0.0,4.3885418357208765e-17,0.0,16,2.7136e-05
3,F_HeterogeneousProduct,8,256,16,16.0,16,4096,0.0,3.1031676915590914e-17,2.2193107348577835e-16,2.7755575615628914e-17,3.484660190605998e-17,4b92882c0fc0ce1d0e0129540116fe3f65f4847047b1b8801a34313c09e8cd3d,68a79dacc457a36082c81ab1947b2868dc11f2e488c0593b39d385aa2983d789,739cd73aba9e639a8a26c90c7f8bc85e9f77893ded634dec933b1a41d6cc5384,6.6771e-05,2.761e-06,1.0521e-05,24.183629119884102,3.829037652078649,1.861391411593228,PASS,positive,False,5,0.0,4.3885418357208765e-17,0.0,16,3.5676e-05
1,G_ForwardReverse,8,256,16,16.0,16,4096,0.0,2.964296775167217e-17,2.6450444717338954e-16,5.551115123125783e-17,5.928593550334434e-17,d2b3f7a2747236e126e42d6b3cc27f5648d579805d1f6a65193b95540550b1f2,2200d72b9987c022b06df60599cb7eb6160b7e7442e26d68a4ee446f629d5fe8,b6a9d12cfefcb6449a52cda99b056574c6a22535a43bec82a6fbdcc31b576b55,0.000194218,2.865e-06,1.0833e-05,67.78987783595113,4.594916170903191,2.533944748909518,PASS,positive,False,5,0.0,4.163336342344337e-17,0.0,16,2.6823e-05
2,G_ForwardReverse,8,256,16,16.0,16,4096,0.0,1.5515838457795457e-17,1.8888883622197972e-16,4.5102810375396984e-17,9.934984129320279e-17,fc93c2dd2e78e305bd7dd7cc82a0d1d2f701c8855a8120ab35dd2a3d100a7f7b,6201d01221290b546938c4bd37800b327e4d98ff7d7b02e558d7ff535eae06c2,bc2745be3a72e1991ca137c6a69259ceeb64ae763797941b8c86db33c5112487,7.0781e-05,2.813e-06,9.791e-06,25.162104514752933,4.266162399793121,2.3772109946323714,PASS,positive,False,5,0.0,3.1031676915590914e-17,0.0,16,2.7759e-05
3,G_ForwardReverse,8,256,16,16.0,16,4096,0.0,2.964296775167217e-17,1.9519785737515908e-16,4.163336342344337e-17,5.556702728410005e-17,27c7391a3bd27f8a02f4642a05f9c90a5d49002c7e258843b344728dc4dcb1bd,18687f3bd934dfbb812a96d42abe393c3b2994426b8467c2c5795356342975cc,838a76cfd223e8bdc057901636e4a32ad01eeb90aa6ca68528c9864f4546ba38,0.000110364,2.813e-06,1.0468e-05,39.23355847849271,4.216228125393428,2.4355114359477836,PASS,positive,False,5,0.0,2.8609792490763984e-17,0.0,16,2.7501e-05
1,A_Permutation,9,512,32,16.0,32,512,0.0,0.0,0.0,0.0,0.0,3a49a1f42ee32d6abe1e9cdd8e84d7434f2799697243d01d64b764af6923ff50,0ec3a43ad8c456d3bd5b6403b9f1e68a7a0585989121462662fbb9d103e87a81,b73a6ec51b00c1f95057e43b2bf624bbfcc71439dee0d84e423a922e5328c87b,0.000310625,4.062e-06,2.3855e-05,76.47095027080255,10.633430605176317,6.515206202793932,PASS,positive,False,5,0.0,0.0,0.0,16,5.984399999999999e-05
2,A_Permutation,9,512,32,16.0,32,512,0.0,0.0,0.0,0.0,0.0,d74a81d970999ce257c378e2771316243279a6381d6e778d9aa1faee93a2b886,9199e965855b2a3db9581991e212ec9ede97d7deec322953e4e19c9ff90eb630,699f16a60d40829cf7bbdb0972e0957655793e5a729844ac3796a7cf914e6815,0.000659427,4.115e-06,3.276e-05,160.24957472660995,10.411303309640163,7.8425009934536645,PASS,positive,False,5,0.0,0.0,0.0,16,9.5626e-05
3,A_Permutation,9,512,32,16.0,32,512,0.0,0.0,0.0,0.0,0.0,edb10b6999c5d4011f9a517250e4ce3a40d71c8bdcd9aa2b4f71c3475b7ed8fa,724bcb34769f5552a2356d2129e07a74b874e1aef757af187ebcfbb99025ec2c,95c24dd83d2e6b184f82cf0cdb4d453e9358505251d7001956c93a61781a173c,0.000652031,4.27e-06,2.8958e-05,152.70046838407495,6.3240956373233965,4.393725842696629,PASS,positive,False,5,0.0,0.0,0.0,16,0.00011125000000000001
1,B_DiagonalPhase,9,512,32,16.0,32,512,0.0,0.0,0.0,0.0,1.4304896245381992e-17,579ed33804e3b521a53e18b8f7bf705ac6a3c7c54fe2747389e3609ef87add23,69ef514505517201d7d1e9ab1112d89e11f49be7a496d51e0ba114a21314875a,9963ca7e84d75d39ea1a5ad6a17a83a163df2466f1700e7059e36691f435c99f,0.0038325,2.0729e-05,4.0729e-05,184.88590863042114,11.20963923411647,0.872669287484804,PASS,positive,False,5,0.0,0.0,0.0,16,0.002913594
2,B_DiagonalPhase,9,512,32,16.0,32,512,0.0,0.0,0.0,0.0,1.5515838457795457e-17,8708f14401aae612a2dbac92f575241e47feba782e757ce9f03f374e79c284ae,22afd71788f9bde18a4995ee78be9429f6b4e7416d0dd1e4f0a3021ec0c756d3,d5ce02a6837fcde11900bae5f70720f72b7f9a68dd1487d7a03ae0547ba4fa10,0.003269375,3.907e-06,2.3073e-05,836.7993345277707,0.262830913737405,0.09421278765111862,PASS,positive,False,5,0.0,0.0,0.0,16,0.005166719
3,B_DiagonalPhase,9,512,32,16.0,32,512,0.0,0.0,0.0,0.0,9.813077866773595e-18,e7c8724221fd8cde26a31fc941f340e1d55b66f1c8fdf57d67c856c8994a84bd,45afe7a1bf174d7b989ab42e789aba19dd81bc95623906831a80702b4cc237ce,3779b78c4e8c30a42448aef375f48655562b97ef58bdbbc412ebcc327e257c0d,0.001640208,1.9375e-05,9.9531e-05,84.65589677419355,10.358560039344601,6.459423032689972,PASS,positive,False,5,0.0,0.0,0.0,16,0.000247813
1,C_SparseLocal,9,512,32,16.0,32,8192,0.0,2.1103821920200808e-17,2.0600343427899952e-16,2.7755575615628914e-17,5.555348673506341e-17,bb62876d745b5e78d30018541746c603797f998080752e99277877cb09f326cd,d14c85429451c951c33866b2678788e59a023de8a2984257223659fde0144118,ea5585167fc86166c4bdebc854e2f5f11f6811c9156b5699e47c9f4f8a7b0eec,0.001593229,4.115e-06,2.1667e-05,387.1759416767922,13.6919688940885,8.000080419791312,PASS,positive,False,5,0.0,4.163336342344337e-17,0.0,16,4.973899999999999e-05
2,C_SparseLocal,9,512,32,16.0,32,4096,0.0,2.797157557069881e-17,1.8473087013295239e-16,5.551115123125783e-17,5.721958498152797e-17,753e97864e9b4f00cd83eb15c18a8befb1446846a70dc3a062e4eb3f92d7f633,920022355d3b3b4d72bd543166ac474155e932d9bdff4131c3c22733d66ef710,276866e7bf305df92555007714b8381f9f8c96f42d1a6a71dee5d656ce37b3f0,0.000272135,4.011e-06,2.2031e-05,67.84717028172525,9.707646824342282,5.679064886608757,PASS,positive,False,5,0.0,4.163336342344337e-17,0.0,16,5.1458999999999996e-05
3,C_SparseLocal,9,512,32,16.0,32,2048,0.0,1.962615573354719e-17,1.5419916507854005e-16,1.3877787807814457e-17,5.815852873680767e-17,c4bd9d138f9481fa9a5b7d7884b0167b006eb4972c92e1d1581860483c8dd01f,87206fe17a0cf847ba9f945f4e910066313e1d07c59466213c851b29b3e47a9a,a3da3e8773c38affc87f3436472694048cbc5ae5743be18bcb2eac36150aa014,0.000305156,3.958e-06,2.3177e-05,77.09853461344113,13.415722001305715,7.883701869419643,PASS,positive,False,5,0.0,4.16423974613979e-17,0.0,16,5.7344e-05
1,D_TensorProductLocal,9,512,32,16.0,32,16384,0.0,3.538155541877298e-17,3.2534918287464015e-16,6.938893903907228e-17,4.8696008501999263e-17,7c2023f7914c69363c75d55f22893e61fec9108d28ccbb821049fb8b209ed77e,cc97aabdae98a38a8c3db08eda416e01da43c543e29c6296f134d7aa71b749ca,b89070f17a213e785acafa51af7a2d18fd165255363219f4fb2c069560276485,0.000350156,3.906e-06,2.4323e-05,89.64567332309267,4.613109220057669,3.475131389336272,PASS,positive,False,5,0.0,4.291468873614597e-17,0.0,16,9.4376e-05
2,D_TensorProductLocal,9,512,32,16.0,32,16384,0.0,2.501853776554201e-17,2.117576743287412e-16,8.326672684688674e-17,9.020562075079397e-17,5f514186b7e6dc529889393129987da647c73055c457cc9fa95a928f63149340,7ac57630a6bea62712f1492b1dd84362411008a2231f7f9d74a0ae8997eb6556,ff1ccc0e15cc8b2a7dac701e269afb842cea568fbdc9fbb2d94321be34b78399,0.000656094,3.854e-06,2.2187e-05,170.23715620134925,9.634930448222566,5.651677243880327,PASS,positive,False,5,0.0,2.7809732887839817e-17,0.0,16,4.9634999999999995e-05
3,D_TensorProductLocal,9,512,32,16.0,32,16384,0.0,4.291468873614597e-17,3.7528132409109647e-16,1.6653345369377348e-16,7.911556306605241e-17,00560e863ac678d9366e527b3792f872962f14dbcd6ce80bee5de93b091a6a69,e9146262fd976b302067ddaf0d3eefdef947ea38d66a0eb108921b6d7bb6d9d3,a62352439594192597a0eab1fc1dee5ff492dcc48c2e1b3d630adb13d6f1841b,0.000749115,3.958e-06,2.2136e-05,189.26604345629104,9.881907645722938,5.866007598349606,PASS,positive,False,5,0.0,3.1031676915590914e-17,0.0,16,4.8958e-05
1,E_RandomUnitary,9,512,32,16.0,32,16384,0.0,2.8609792490763984e-17,2.8531059818820397e-16,4.85722573273506e-17,6.869154506741516e-17,2e4c11bd25affc8ab72767f6564ecd9bdf4ef3984ad443b159541e85302f5868,2f93133a9964d390962ceddf345c1269e59908c84af35724373179cf9c5c29d7,bbb47b52389f437ffa83ed10ed2be7d9a0d05c19cd5b07ed41b12c83388087f6,0.000407083,4.427e-06,4.0938e-05,91.9545967924102,8.120916425007902,5.358975521716654,PASS,positive,False,5,0.0,5.553824967135427e-17,0.0,16,0.00011026100000000001
2,E_RandomUnitary,9,512,32,16.0,32,16384,0.0,3.1986720415755645e-17,3.2104749520149915e-16,4.163336342344337e-17,1.2436890634664275e-16,8f6cb95cd234e3351160b48b8c115341aae7f22cbd6c3f046b83f7d65144e93b,b1d3622133d8eaef869535bfbea33a7e72cbdb4b909775f3cad7775dab32e75c,ed65c5a8bfdbf00d3903a824f02e2af6738a4a08a73e7aa8fd0ddce52c2805ed,0.000573281,1.9739e-05,4.0313e-05,29.0430619585592,18.539211702559935,10.893137820576591,PASS,positive,False,5,0.0,4.252726876253798e-17,0.0,16,5.0261e-05
3,E_RandomUnitary,9,512,32,16.0,32,16384,0.0,3.469446951953614e-17,3.0402235280139686e-16,2.7755575615628914e-17,1.3088830623257406e-16,12a029a17f4434394d57b09834f857cc34d9918e07e0cfb318f560144bec04b2,cde2bc62d0c384d8fdcb91b8e5040c1eb9cc900a157baa3f9fb623726275587d,babd0284668612a9b77ef94948b5f255f3e9728bb9b136297f38665e182c0365,0.000980729,3.958e-06,2.1615e-05,247.78398180899444,15.104353570439192,10.073218219285158,PASS,positive,False,5,0.0,3.469446951953614e-17,0.0,16,7.0365e-05
1,F_HeterogeneousProduct,9,512,32,16.0,32,16384,0.0,2.883244014823445e-17,2.7870947359439407e-16,4.5102810375396984e-17,5.003707553108402e-17,b23384e7fcb888cdcce359a2d525b352a4af1bd1fb18382c3f2ccd855e1f64ee,994184a3be2d9a7513920ca30087ed790e91b43297c0cb60f5ef498cee908ed6,d804a77e9de78b06b3a909f9548d2acb49f92d2f8b2c6a0932844e70aef89aea,0.000509479,4.48e-06,2.1823e-05,113.72299107142855,22.483738244514107,13.115335530200575,PASS,positive,False,5,0.0,5.594315114139762e-17,0.0,16,5.2499e-05
2,F_HeterogeneousProduct,9,512,32,16.0,32,16384,0.0,2.4532694666933986e-17,2.384787645883614e-16,3.469446951953614e-17,5.668832733709798e-17,0484d7bb4623ead9d843cbd83d2403362a74364300ee6df83fc1a7ea02d851b3,b673edfafd8f9ff60a00b4823b6f87a68053e1b332e2b06ca3c1108e2badbf73,e1a69d8c016f2fdc99d11b41f142dd04b298f8e98863c1a93772326e9d7dc98c,0.001013489,1.9427e-05,4.4219e-05,52.169094559118754,9.544123276000445,5.428305570381191,PASS,positive,False,5,0.0,3.4867510341210807e-17,0.0,16,0.00014239599999999998
3,F_HeterogeneousProduct,9,512,32,16.0,32,2048,0.0,1.5515838457795457e-17,1.40560445541698e-16,1.3877787807814457e-17,4.0460356557118353e-17,781cae8a1cd25ea8a74ce752717ef77205a62203314d7f137d07342d9ca0cd81,4db889a3b6cec22cfd32f7e58e420b875f5ce2de723751b31f982c7851e8eba9,0886eb00dfefc6729cced3d2883ff2188a8c5e451814f5e8de2d09d9e7c99625,0.0010125,4.219e-06,0.000908021,239.9857786205262,6.239788352988859,4.934543365118329,PASS,positive,False,5,0.0,6.283435673255384e-17,0.0,16,0.000511667
1,G_ForwardReverse,9,512,32,16.0,32,16384,0.0,4.177767360805209e-17,2.8444307967302857e-16,5.898059818321144e-17,7.381697154800631e-17,1d816d899577dd9d611bbb26863c8449988b344a1704c2426a3d582573c02141,1d55ee5c58882117bd6030aafbb441454669db262ab559173fcd1f868d333d30,dcd441148687f71868e6aa6b79c43f5d6f4521d36e4f38bc6cdbe9d161ae8f2c,0.000367552,3.854e-06,0.000436094,95.36896730669434,8.325244543827367,7.568310992201494,PASS,positive,False,5,0.0,4.177767360805209e-17,0.0,16,0.000438802
2,G_ForwardReverse,9,512,32,16.0,32,16384,0.0,2.0888836804026045e-17,2.75876941842916e-16,4.163336342344337e-17,5.96906223549092e-17,e0e0e9f6ae865bfe938e7d710d89cc44f7a04ba5e33691b54e025b2ed4dfc0d5,08158442ef4943c11c3480d5e9ec0ab4caa8632d460500d598af1070a534aa28,dbb527c79ff525825c51676b9c6cf42b5e1fbfae5213708ff0f4d8fbffa107fc,0.000455105,3.958e-06,2.2447e-05,114.98357756442647,9.590148919569863,5.578625411922568,PASS,positive,False,5,0.0,6.938893903907228e-17,0.0,16,5.0677e-05
3,G_ForwardReverse,9,512,32,16.0,32,16384,0.0,3.1031676915590914e-17,3.0090327600493925e-16,1.1102230246251565e-16,8.469999434971913e-17,a660079de60cc33f89e3c625669758e9925efc8ab8e12b9191d3b4bb12106e8c,0cd152bc3fe6e8a74071db94a48c8e5d6bd8b4b845128c4605f06faeef56b5ea,18a8b777f711c463190985e9b22d59f671a38eb7b0582241e56be337add38995,0.000349792,4.01e-06,5.3646e-05,87.22992518703242,2.357461596177388,1.9892304718999285,PASS,positive,False,5,0.0,3.538155541877298e-17,0.0,16,0.000150053
1,A_Permutation,10,1024,32,32.0,32,1024,0.0,1.734723475976807e-17,2.1651058616111915e-16,6.938893903907228e-18,3.7367087251761353e-17,690a5e3067ff5c1a54d5f038178cafc06be4bd011924304b3031da06d163a900,8c1b4b343037d55478b6e4bcce9ce86a023f561dc13ef541fc46e72fd5107908,95dcf4731f06e4970e1c659bdf63ef3a61278f14076e508afe4f22a2d0bdfef3,0.00170823,4.114e-06,3.9219e-05,415.223626640739,32.27700244017295,17.621616884027485,PASS,positive,False,5,0.0,1.734723475976807e-17,1.1102230246251565e-16,32,8.5572e-05
2,A_Permutation,10,1024,32,32.0,32,1024,0.0,1.5515838457795457e-17,2.139502604027102e-16,1.734723475976807e-17,2.501853776554201e-17,de5e8da118afaed00ce3903821dcc3c4b9bbbd25ffe67993281e826ac2747bd5,19cb6ac7318bef8d15c2aef3a016195d166c5521ab8628cd7585f709f6d90786,33201d6efbb5da36e6903d6f50c8ab03153028b0b1d96f6b29352e7e7ed74b87,0.002190209,2.0052e-05,5.9167e-05,109.22646120087771,16.358275484853753,6.486688531501985,PASS,positive,False,5,0.0,1.5515838457795457e-17,1.1102230246251565e-16,32,0.000246667
3,A_Permutation,10,1024,32,32.0,32,1024,0.0,1.4304896245381992e-17,2.2097481929837364e-16,8.326672684688674e-17,2.1457344368072987e-17,0277ce917fde38291c838f2fb026d44a9b463742a4067687ac9f5c78c82287ad,220bcc326f1c629359313a3fdc0e214edb7df68e1adbabfc2084082823184a2f,41918fa299ba0e61384be2d85e451e19a5b5902d6db1df099f78a18001ee072f,0.001461407,1.8958e-05,6.099e-05,77.08655976368816,15.302691072715755,8.605907426970985,PASS,positive,False,5,0.0,1.4304896245381992e-17,1.1102230246251565e-16,32,0.000162812
1,B_DiagonalPhase,10,1024,32,32.0,32,1024,0.0,1.4304896245381992e-17,2.161971990834306e-16,3.469446951953614e-17,2.1103821920200808e-17,9d02d5615d65b6ee6b4813b45e2bf87654f0fba9989def87ae85cfa329d95cdf,0b2e61698ec625f5588c9dc11b0ed4916a084b21d2ef56ed347371d6fbff6b12,abdb7a0f2c5f5be2833ac3271c3b67d208dc8031146de4764841ff1fcf1d3e7b,0.002044011,1.9375e-05,0.000174636,105.49734193548387,60.00737157823589,33.65024222109041,PASS,positive,False,5,0.0,2.0816681711721685e-17,1.1102230246251565e-16,32,8.4427e-05
2,B_DiagonalPhase,10,1024,32,32.0,32,1024,0.0,1.962615573354719e-17,2.499079312151335e-16,3.0357660829594124e-18,2.797157557069881e-17,f32a4d2a010aef95ff9711895bd594e1d4ceee857dd7d2dae7e764050725f29c,4b0ed66bd8fc17f5ab1be07aeb278908abc5a7c1bd4e23420acde42497332c32,ab9ce6685fcd0bf420f8b1b262f58c9755d58d7a9ced30463c144cc437abf3cd,0.0040125,4.219e-06,6.1406e-05,951.0547523109741,21.40915967257279,13.618674119089363,PASS,positive,False,5,0.0,2.7809732887839817e-17,1.1102230246251565e-16,32,0.000151718
3,B_DiagonalPhase,10,1024,32,32.0,32,1024,0.0,1.6365348541700844e-17,2.257343292374486e-16,6.938893903907228e-17,2.964296775167217e-17,f80b969586e1095997501708dfc51d70c2b65a00eeda7d3d18ec005b2028531f,71e09b52cfe2957381de7a0c050caa58462191f38396f51fa1df82ae5f065367,ac1b83cc8d9590a6937f5d48e43defe803b6281872b44a081ad70d97c454b395,0.002084115,1.9219e-05,5.875e-05,108.44034549144077,28.217705651661333,19.22139274944277,PASS,positive,False,5,0.0,1.5515838457795457e-17,1.1102230246251565e-16,32,0.000122032
1,C_SparseLocal,10,1024,32,32.0,32,4096,0.0,1.3877787807814457e-17,2.2189039137673671e-16,2.7755575615628914e-17,2.7755575615628914e-17,f680fa74bedfaac7b01aad0c62e1a93b933f543d081f4a604236b0caf35c5da0,8216af25ac27c36c09a01577ea66745ef336d5284f4ca199479325a855cb0db7,e48b47264c61850a7ab6d2f2983fe731d7b2dd0fc661da3dead74c8a582b781d,0.001719427,1.9427e-05,6.0313e-05,88.50707777834972,37.39825493499201,20.897060243290213,PASS,positive,False,5,0.0,4.5102810375396984e-17,1.1102230246251565e-16,32,8.2864e-05
2,C_SparseLocal,10,1024,32,32.0,32,4096,0.0,1.4539632184201917e-17,2.1007171822957576e-16,2.0816681711721685e-17,4.443059973708341e-17,35ef2e6c9dbdbaff78245ff80d9062897762e43fb6d2b292927618382a57d753,a634015778aec61c61aecbf77f70e00266a48bb172efa6fec5bae3d025023ccf,1288872e6107f84a29866002046e25761aa374d3b78cc81063d188404568f347,0.001338177,4.166e-06,3.8177e-05,321.2138742198752,16.782920116282927,10.381699954188347,PASS,positive,False,5,0.0,3.622208959480119e-17,1.1102230246251565e-16,32,0.00014625100000000002
3,C_SparseLocal,10,1024,32,32.0,32,8192,0.0,2.823925224926892e-17,3.0356297801978e-16,4.85722573273506e-17,3.878959614448864e-17,9323884cc9f7726e8d1af6d483656918f2f6214e03b68d5f4d3ceb308238444d,3fe1aaecc7d0967575ec86283ec2200cda91db86fdc23c5af81e11dc77b9d7cb,ccf5afc4f3cb9df5fbd3608ab44e68ffebb5870fdb28b996cc768d4b97245327,0.001450312,1.948e-05,7.4167e-05,74.45133470225873,31.17064094942422,17.279525925202616,PASS,positive,False,5,0.0,4.885025661874571e-17,1.1102230246251565e-16,32,8.1928e-05
1,D_TensorProductLocal,10,1024,32,32.0,32,32768,0.0,3.4705309847724295e-17,3.9123735475272135e-16,1.1102230246251565e-16,2.6821680460091238e-17,42f26fc08c59d3fa87300c84fc01218ba5b9d838d47e89a83b5b4033dbaec9ee,4d7807bc026e46c07f8bf43f72ec7f47ae8f9bdafa11c99868a560e8c7d3b737,a4706c25ebd3b3eddcf369ffa97041f98167b38412c75889e2348f0407ed192b,0.001779531,1.9218e-05,5.9167e-05,92.59709647205744,44.491045069868136,23.950310778358524,PASS,positive,False,5,0.0,3.622208959480119e-17,1.1102230246251565e-16,32,8.4948e-05
2,D_TensorProductLocal,10,1024,32,32.0,32,32768,0.0,2.3273757686693185e-17,3.6228021410897663e-16,2.2551405187698492e-17,2.766054524161103e-17,7fb7ebe1157c9b76accb22f9699f18707554cf0c1f5abf1365d009bb619c4c60,72fd2727b597edd3bb3937ab4d3f04809b677f43df78f0e1f36eff78ba917c20,fe0cda06f227264e36902ae54bd366473826e75c991db45d0a59ebc2acc77c46,0.001436042,3.906e-06,0.000114584,367.65028161802354,14.201264188907025,9.351945949662184,PASS,positive,False,5,0.0,4.163336342344337e-17,1.1102230246251565e-16,32,0.000159999
3,D_TensorProductLocal,10,1024,32,32.0,32,32768,0.0,2.3273757686693185e-17,3.185680452927316e-16,3.642919299551295e-17,3.273069708340169e-17,00978c9ba522899e14b36e19f9aa5b7908aaa0461db269c1bb8c83514ae5532a,11875d2761ecf5211d863e375c59073c8881639f8e15ea72f4c467bcfa4e5f0d,d2e591d12584a641a6db8ce988a19cabe5a889db5dda3204b458a945101e3907,0.001564583,1.9948e-05,5.9687e-05,78.43307599759375,18.84395192822159,12.029729374671572,PASS,positive,False,5,0.0,3.1031676915590914e-17,1.1102230246251565e-16,32,0.00015224
1,E_RandomUnitary,10,1024,32,32.0,32,32768,0.0,3.469446951953614e-17,3.9976411817440617e-16,6.245004513516506e-17,5.380439989124555e-17,e8805b8c12915194a695e672273d037113ba25458fb9a9d2f7841569b5653313,b132aa4494ab118ebe34bd1fefc9110046f8526e19057cc06ea682689104f6f8,52c8fb16020eb2c09c2ff0ec18b8d5092e3ca31ebc354e82ee9b8cfb99fd500b,0.002968333,4.323e-06,0.002153021,686.6372889197316,11.223140495867769,8.119562045890474,PASS,positive,False,5,0.0,4.2207643840401616e-17,1.1102230246251565e-16,32,0.000209063
2,E_RandomUnitary,10,1024,32,32.0,32,32768,0.0,2.501853776554201e-17,3.280537074393071e-16,4.163336342344337e-17,7.351626287044711e-17,9be367aaaa202cc106a6e053fc73c142fe6734c40e6c498c93d4494584f8d131,c0142509d166fce476c6d76e3c1d652bccc013d6e6960a64c4a04af6dc1b5cc9,89f8b367b58020929875b21087b3046bea6ad19b70e9aafcc00419c3e5e943da,0.003037656,3.958e-06,3.8333e-05,767.4724608388075,8.936712425591129,6.866961986108105,PASS,positive,False,5,0.0,2.525795506525166e-17,1.1102230246251565e-16,32,0.000235677
3,E_RandomUnitary,10,1024,32,32.0,32,32768,0.0,3.479191088030031e-17,4.250604626960454e-16,8.326672684688674e-17,8.188188822259818e-17,af9d03ec629ea385fdf2ed55e8bb039f7a89c489bf82a4db11e10f1c0d5b7799,972b5cedd2f69a6c61c04bba667b5499463d4c508ea46b862702af91478cdc76,a5ef20fcd754a98f29f18769827a964dedc2e09e63f3d53533630a9dc70a3df7,0.002449062,1.9323e-05,5.8802e-05,126.7433628318584,17.391792418108206,10.4563961850811,PASS,positive,False,5,0.0,3.4170089680666066e-17,1.1102230246251565e-16,32,0.000135573
1,F_HeterogeneousProduct,10,1024,32,32.0,32,1024,0.0,2.0230178278559177e-17,2.3426360129354426e-16,4.5102810375396984e-17,3.4737810535209724e-17,16bb390e9f97d366d58092f0e7d86068a0a10930cdd05770650c21bede84e2e5,edde8db6f1892c4a684ff3ebae0234f73ff879975b11443eb85884fa240cdf5d,7930ef2a306139a4fd94338d33c5a1625b90f753501940dfcbb16f4272ddbd2e,0.001548542,1.9479e-05,5.3906e-05,79.49802351250064,20.16957873695121,12.006103741571549,PASS,positive,False,5,0.0,4.2207643840401616e-17,1.1102230246251565e-16,32,0.000136146
2,F_HeterogeneousProduct,10,1024,32,32.0,32,32768,0.0,2.525795506525166e-17,3.5236483869498355e-16,6.245004513516506e-17,4.7451901320043104e-17,5b5c6a31a951a54c196c3ebf03f9c7eee435a79cd0842d5c4f1c4329ed49dfcc,8eeb7bf6ddb86aee3480f3feea460d7b7dd8814a8ea82f4036f0937361fb127e,a4233b64988b22e471c3d7a263a926cecd8dad3fd5c48314fab18b4e7f0de6f9,0.001338698,4.011e-06,3.8177e-05,333.7566691598105,14.693900048995593,8.884299917916943,PASS,positive,False,5,0.0,2.8609792490763984e-17,1.1102230246251565e-16,32,0.00016203099999999998
3,F_HeterogeneousProduct,10,1024,32,32.0,32,32768,0.0,2.797157557069881e-17,3.796077787873838e-16,3.2959746043559335e-17,7.06141132964231e-17,7689b8527077c45aa5a72999355535f45b09b48ae6f6d5a2c01c8c465ff8cadb,727305dcb4b310a0969bac239618d27d4a99b9a28fa6152555ca82be75f3bd87,63ec39eebd2b450096768ec1e5431a73614a0d69cd263f4ad23e6c2f93194450,0.001457917,2.1198e-05,5.8281e-05,68.7761581281253,38.37483872378578,21.284239763244713,PASS,positive,False,5,0.0,3.538155541877298e-17,1.1102230246251565e-16,32,8.2448e-05
1,G_ForwardReverse,10,1024,32,32.0,32,32768,0.0,2.1942709178604383e-17,3.406541227823526e-16,6.938893903907228e-18,8.326672684688674e-17,9c549df67b39ad9db6292be1695134b65bbefa6b51c32df4cb40c07176d6424a,d179e2d171fc15e9564819cc6a14229bc8651865648e553ae15aa0e99242b2f7,5c6f9a7e402e4d611a665b9bc198e2feb4a971a873d3a8195ca4dd6f8671d2c1,0.001423906,1.9323e-05,5.9167e-05,73.68969621694353,15.416246341615294,9.8480902720227,PASS,positive,False,5,0.0,3.4737810535209724e-17,1.1102230246251565e-16,32,0.000150833
2,G_ForwardReverse,10,1024,32,32.0,32,32768,0.0,2.1942709178604383e-17,3.5648580621128386e-16,4.85722573273506e-17,6.186036137678856e-17,1343766a8ba1c644e208a0d3a72022ae9a94c16148f2cefbeea6fe93727eef98,80e9813cccff2520ae058106955b40ff9692f6481b8664f77b18804b6b6b2611,63fbe59c6d815290c9aeaaa9a47922e22e35d57fa52520600a6950809152f318,0.004446302,1.9375e-05,0.000265052,229.48655483870968,1.5213408217118984,1.502265196079207,PASS,positive,False,5,0.0,3.1986720415755645e-17,1.1102230246251565e-16,32,0.0031610949999999996
3,G_ForwardReverse,10,1024,32,32.0,32,32768,0.0,2.501853776554201e-17,3.5795095228205366e-16,4.163336342344337e-17,5.991705756259507e-17,7509a045b155964e62ca592e21d8fa79359887f7f61f00204c99a2ca4f186757,4689e05f46151b40341f1e1d146f51b48bc6266465405f75ce6030432c8cd78f,50c4fc0a642498709d7bc13c724b58038e477c25b8ae4b3624d49e3269033dc3,0.00195375,1.9583e-05,8.5417e-05,99.76765561967014,5.655882964288133,5.107312402592336,PASS,positive,False,5,0.0,3.1031676915590914e-17,1.1102230246251565e-16,32,0.000474167
1,NEG_random_class_assignment,4,16,4,4.0,4,64,0.6922303597693347,0.6655325650165468,1.0499941671231223,0.5521690922989841,0.5326878506787689,8e495ad0134c5fdba8774dbd4d720d7bf4cbd896b9d41d4f4b8216dee8f14167,6b14167af9330cb3ee2e35d6703e73f4f500f087ee6059a2d91e4e1068fb1e04,b401c42fced8c1aa6c76fedf0175f9a8abd8193a05b833467e557f25578ef6f4,0.0,0.0,0.0,,,,FAIL,negative_control,True,1,0.6922303597693347,0.6655325650165468,0.0,4,0.0
2,NEG_random_class_assignment,4,16,4,4.0,4,64,0.8147479580707876,0.5694219127527299,1.1689077775532815,0.7695835961976674,0.36515416892552893,df68e3db51798050c0ac48e567571b50ab921b2b58182dbedb57beaf1cd24c5d,c712c356802fb1b1b166ca5ae7898939a1cd84f295d9172e4d2314b2c928fe49,b20e28522eae525c90d32c0636e6f2c5e3ab7b6e176d816e1f0232aac998f773,0.0,0.0,0.0,,,,FAIL,negative_control,True,1,0.8147479580707876,0.5694219127527299,0.0,4,0.0
1,NEG_random_class_assignment,6,64,8,8.0,8,512,0.5602013463928223,0.2532380309921787,1.0442949086729916,1.1937072607428822,0.22746558430132613,67398f446efca751b8040a013488c78769383ab28202da2dc1004801c49e9831,edbae451cb11671b8f873972fba0c25617f282c283f8ebe2aa4be701d7220988,0eb1589529caea3c0498b1a9364f0a29caac62d0669010b8ecf77f7df03c336a,0.0,0.0,0.0,,,,FAIL,negative_control,True,1,0.5602013463928223,0.2532380309921787,1.1102230246251565e-16,8,0.0
2,NEG_random_class_assignment,6,64,8,8.0,8,512,0.565367463893606,0.2662771627629457,1.1277682012373136,1.6270961604658805,0.1954143002390187,772f37d71815fa5322c9362276c9c8b1b96f7c84e17962c7c658d17c02cd6c52,e8a627b73575be481ade606a703e478e00ceb4973d182d135110caffe5f03e62,d7ef1beb15dee702fc05b18515d3e42819bdfeeaf1969f792606c7d8a5c8a830,0.0,0.0,0.0,,,,FAIL,negative_control,True,1,0.565367463893606,0.2662771627629457,1.1102230246251565e-16,8,0.0
1,NEG_random_class_assignment,8,256,16,16.0,16,4096,0.31345233356013175,0.16834314323732197,1.0326880827977964,0.8675122430881135,0.13831128120951186,83438a9dcbc9e5f4d6956b53d4f9ad01d153dc824be0eb45a86246e13594c5c6,09137c73c2274430ee3b2290354cb5c21ff7287124fe74feea92d8621e2e90ff,fe61d8d0e31786dded701ed81000bfdb2692b8bd2c65efa9b162c26fe95c8db4,0.0,0.0,0.0,,,,FAIL,negative_control,True,1,0.31345233356013175,0.16834314323732197,0.0,16,0.0
2,NEG_random_class_assignment,8,256,16,16.0,16,4096,0.27675063656917626,0.16525486836510678,1.0265411817342034,0.7140941628665651,0.13989172150125873,50d5c8744fbdde4c7befe4893d16ae391615973bd983c42e26305ac92c8e0978,1490b7464a308248652d7c41c6729aeef680fc1da6031bb4090dfbc05dbd83f2,f84b02cdddb8e92d842ea3252b835cf3283f121b21ed16e24196a5651798f86b,0.0,0.0,0.0,,,,FAIL,negative_control,True,1,0.27675063656917626,0.16525486836510678,0.0,16,0.0
1,NEG_broken_symmetry,4,16,4,4.0,4,64,0.5211156710246516,0.4416379399018706,0.806051163560546,0.8603601388260165,0.4423029627963064,da5c0be74d9ae059076e33064d8cb464ac592897cafb55495ee710a688d7d146,de2599345215d949dc603dfe5cb1ef58cd69b94120d3ccf0981a4aa47ba69843,f38cae847abfe07117b0674abfcb9da96f0ff8373fb9416ec85952703f71980c,0.0,0.0,0.0,,,,FAIL,negative_control,True,1,0.5211156710246516,0.4416379399018706,0.0,4,0.0
2,NEG_broken_symmetry,4,16,4,4.0,4,64,0.5884700741081865,0.40983566855105186,0.9184735429541465,0.6084816157817287,0.37534270721981644,1d4fea1d73e207b9a142d1b90ce7a61133159dee3b445f11f95abe846182dbff,e748b56d1cb32cf98fc32e186cd77acfc16feabc349b305054ec0308cb4dea59,94a18a2ff1e3cdd21daa389d9ac65264b8b7b2b5898dab955f7b657c5ae38693,0.0,0.0,0.0,,,,FAIL,negative_control,True,1,0.5884700741081865,0.40983566855105186,0.0,4,0.0
1,NEG_broken_symmetry,6,64,8,8.0,8,512,0.3465784610249094,0.27149191877857093,0.9218477943078521,0.5692665543888454,0.25012062700240734,41ef465ea58cfe3bc07ba091eaae8dead05b9d0708df310b0434c23077960e7d,722bc9147bffe76efcb0cbd59948d9dfb0874755684552e6e435d8b52aaa4768,9dc5d83dbd824de3ce82355876284af3409a88e813fea515b5a5152f32889c6c,0.0,0.0,0.0,,,,FAIL,negative_control,True,1,0.3465784610249094,0.27149191877857093,1.1102230246251565e-16,8,0.0
2,NEG_broken_symmetry,6,64,8,8.0,8,512,0.3269150149632095,0.2317681300270626,0.9200671348879493,0.4730963839833162,0.30956803921038967,fb567c1d916f7e5f7bc4d3de42c07cfc13e4237bb885a49cb239b0776a8b772c,033f11f84d72f94ac9ffb706e00d0178393f12c5f166cddbf9a39f60765b3fc4,531358596fa6a4f7522d10ff125ba88e0fb9b38519d101571e97bb450fe86fb7,0.0,0.0,0.0,,,,FAIL,negative_control,True,1,0.3269150149632095,0.2317681300270626,1.1102230246251565e-16,8,0.0
1,NEG_broken_symmetry,8,256,16,16.0,16,4096,0.14996369765866782,0.14425050549061777,0.9643301576659057,0.5308142939520328,0.14244986701702175,90af951b213ce6180aa6e526a10d433506d2345ee23bec011cb419d01c86356e,46654dbeb4069b2153b023adc764bc150cbe07233ce062584f4920e597f76302,717d1278ba95f1bdbcd8e8f7f088c5b82253f12196ec4fad340b2eef9a81725c,0.0,0.0,0.0,,,,FAIL,negative_control,True,1,0.14996369765866782,0.14425050549061777,0.0,16,0.0
2,NEG_broken_symmetry,8,256,16,16.0,16,4096,0.18815824585445629,0.12973011746055205,0.9746917838026,0.4528022829205046,0.149992153213777,b01a404e8a680c5e5688146e8cd30581a8767e4bcf15ee2a113fe8f95a6433a0,44c638e7bdd26111667330609c4f9c7cec8b18bc32d2beea3b898b97d00f7856,908e3374bf52ee52f82e61a8c8744690d83cb3f26e1a59235bd0a992961508f6,0.0,0.0,0.0,,,,FAIL,negative_control,True,1,0.18815824585445629,0.12973011746055205,0.0,16,0.0
1,NEG_altered_quotient_operator,4,16,4,4.0,4,64,0.02463419169210458,0.3896491676138132,0.8093665496491399,0.7205240334096635,0.3382363791011773,5acb0b0ed576d034213667fae07b438e3e58cefd5cc737f91b7aa135bb833066,1b03c0ca070ede7cae6241b27ab44c1e07061f36b81f3ece419cc77b83768756,237b2a2bb97b4ff604761dc8501c3c3bc8329d0e4f89d29e00a064c15fe72add,0.0,0.0,0.0,,,,FAIL,negative_control,True,1,0.02463419169210458,0.3896491676138132,0.0,4,0.0
2,NEG_altered_quotient_operator,4,16,4,4.0,4,64,0.021938331235454914,0.3354529106703526,0.8092313525188296,0.5340011760267993,0.40167851354207085,4e10270f88e4c98a6e9dc663beaf1d384afb31311fd5509e809d4f1543230046,fe41d6a707dfe56734810e96bda21d4a33f921a549e014680d92a720b7d0ed5a,e25a6187b71c6f4d2f0bd3fed966bdc33c684c41d2376309862e2cc69bf5180f,0.0,0.0,0.0,,,,FAIL,negative_control,True,1,0.021938331235454914,0.3354529106703526,0.0,4,0.0
1,NEG_altered_quotient_operator,6,64,8,8.0,8,512,0.01153490363384747,0.31895959382566946,0.9282164645474253,0.4890523197166213,0.24660414902745376,ccf30466f2bf00b62b193dccba085678b4d5fe5efea728a4b9c44bfc1e441f50,74e631734f646aa6958ac6d6653004a1935fcc9b05810683b00defb4ad9513e7,ba5678489f4762c06c523d7ba75d36d7f34caaed517cfcc5ed9baa955ccee63f,0.0,0.0,0.0,,,,FAIL,negative_control,True,1,0.01153490363384747,0.31895959382566946,1.1102230246251565e-16,8,0.0
2,NEG_altered_quotient_operator,6,64,8,8.0,8,512,0.01209938639793397,0.30125629704994294,0.9295939235771323,0.656532180829843,0.21466665960310122,fbd07584b552194b55a6cacf7cae6f43a261a09a7b4b4ac486fc1340ec77b50f,b16b899c05f3a4b79a309ff997e7148a88321d121d08bf194c70cd3ac8c79d22,ccc0f7a1a11bb37304ffd9e4cf9fbddc6385880962f124ebc212947a0ecc2f7d,0.0,0.0,0.0,,,,FAIL,negative_control,True,1,0.01209938639793397,0.30125629704994294,1.1102230246251565e-16,8,0.0
1,NEG_altered_quotient_operator,8,256,16,16.0,16,4096,0.004492129778120968,0.1633665847988696,0.9653528347244852,1.0415876872679044,0.1396452413518197,ab3c750f1bd35d5ce31defcd814cfbcbf81fc6caed1b83668afd86be0ddbab3c,021d3368bc128454b6730946029690da5da8e4ba0d087096cd363d8de115fae2,0ce8a341532a8ab444dd63f272900ebb6759f95fd6d4693b5639cdf3ed2f5354,0.0,0.0,0.0,,,,FAIL,negative_control,True,1,0.004492129778120968,0.1633665847988696,0.0,16,0.0
2,NEG_altered_quotient_operator,8,256,16,16.0,16,4096,0.003925245721090503,0.15995438821356459,0.9709687164826992,0.8318937594249561,0.1326391402568687,e9e3b3bbc6f35bf4bc0e6ca630fff757c6de627b23b16f42c245186b4f9f08d6,277acf645a624499b4e61bb9e5d06b3232e21b6c8aa3a5376f365baacde27950,65eddd59b384d6b06ccad837156261bcf64f739ebea886f4dfdd658678173b08,0.0,0.0,0.0,,,,FAIL,negative_control,True,1,0.003925245721090503,0.15995438821356459,0.0,16,0.0
1,NEG_corrupted_reconstruction,4,16,4,4.0,4,64,0.0,0.4258973553405195,0.8838212732999977,1.217292497033244,0.4167133575610606,8636438bbaee42115dd53e08e9e8122d681cca035e08e67ac80efeca5139c158,109dc6928d36be3877e29de7d73fc4529999b41ec1dd1baaa7b7012ef5e6cc8a,9dee3af0509e1429140a4ced4863c3ae7b56e9a2d7312a6b736fa372f2655b17,0.0,0.0,0.0,,,,FAIL,negative_control,True,1,0.0,0.4258973553405195,0.03347733180085462,4,0.0
2,NEG_corrupted_reconstruction,4,16,4,4.0,4,64,0.0,0.4021943162068852,0.8237247864019606,1.4497234038873508,0.5042525283339384,fb8260eff685ff1e3192206d8826354737f10ad6ce2c552fffb571ac9b3efb46,03111df80750e72708eb4eebf70e4926ee9bb57875731bfb4b344ba2f7079071,69175cff1a199a1990635e4822feb5e625ef1b6936f12d131a361267ad30843f,0.0,0.0,0.0,,,,FAIL,negative_control,True,1,0.0,0.4021943162068852,0.029066885963051892,4,0.0
1,NEG_corrupted_reconstruction,6,64,8,8.0,8,512,0.0,0.2420532298070523,0.9303519773870812,0.9469719165430319,0.28891839860081986,faa530c239153f457e84d85dee76b1eb73a1145bb0a2f4b925cdcd41f2a45ec1,4abd429a8d06f3bcc2e014933d7de4b28cd5571a91bc484814fd58cbd0d35a03,96a695d1090f8ef78eeeaaded3df8713c1544ee6aea06e26064a4e6ef523ee63,0.0,0.0,0.0,,,,FAIL,negative_control,True,1,0.0,0.2420532298070523,0.01824332561411894,8,0.0
2,NEG_corrupted_reconstruction,6,64,8,8.0,8,512,0.0,0.3353110900576204,0.930902126552663,0.7298455097346437,0.3236601349275203,b01fdd9986a8213252e993f7cb42657c901504a335bce1855de47e9d8e5d7a9b,fefb609be9fd99142c890fcce6ac0e97aa456253ec2511488ffdd86f631ab460,653ed15f8d6d8f8c31b084142c8e217fe1bc58882ad85093b3c737eb731961e7,0.0,0.0,0.0,,,,FAIL,negative_control,True,1,0.0,0.3353110900576204,0.020179858454268118,8,0.0
1,NEG_corrupted_reconstruction,8,256,16,16.0,16,4096,0.0,0.13161468246223107,0.9666217539111635,0.6455169332525366,0.15723356187589144,6a5ac15349393cad44fd9d41607d6a73fa871f62d1aca744929c07ac928b4ef8,630bd6495ab5ecc14081dd19f8f5a7c904ad0093fb4f305027e917b37906c96b,169e4e63f8bbde795a07d05b561cdeb055cce323449d330c3ae1fe578652bcaa,0.0,0.0,0.0,,,,FAIL,negative_control,True,1,0.0,0.13161468246223107,0.01148812352059773,16,0.0
2,NEG_corrupted_reconstruction,8,256,16,16.0,16,4096,0.0,0.15635710188049298,0.9559975970175117,0.48535000154009555,0.13029532391866477,877e24d713857fdaabe75f695f35a1b877a6864dcfb4f9a8251fd4550dba959e,7e07043ddfd46233e75466df5fbffc9d9ff79dc2d0d7ac449610b6fbaa4e7ede,a2223c929279963efb65d7682e416cccbf08262d723c9e3378fac7cb0e45f46d,0.0,0.0,0.0,,,,FAIL,negative_control,True,1,0.0,0.15635710188049298,0.009666712043433487,16,0.0
